-- --------------------------------------------------------
-- Host:                         127.0.0.1
-- Server version:               5.0.17-nt - MySQL Community Edition (GPL)
-- Server OS:                    Win32
-- HeidiSQL Version:             9.3.0.4996
-- --------------------------------------------------------

/*!40101 SET @OLD_CHARACTER_SET_CLIENT=@@CHARACTER_SET_CLIENT */;
/*!40101 SET NAMES utf8 */;
/*!40014 SET @OLD_FOREIGN_KEY_CHECKS=@@FOREIGN_KEY_CHECKS, FOREIGN_KEY_CHECKS=0 */;
/*!40101 SET @OLD_SQL_MODE=@@SQL_MODE, SQL_MODE='NO_AUTO_VALUE_ON_ZERO' */;

-- Dumping database structure for tatamasa
CREATE DATABASE IF NOT EXISTS `tatamasa` /*!40100 DEFAULT CHARACTER SET latin1 */;
USE `tatamasa`;


-- Dumping structure for table tatamasa.budget_cflow
CREATE TABLE IF NOT EXISTS `budget_cflow` (
  `tahun` char(4) default NULL,
  `kode_cflow` char(50) default NULL,
  `jan` decimal(15,2) default '0.00',
  `feb` decimal(15,2) default '0.00',
  `mar` decimal(15,2) default '0.00',
  `apr` decimal(15,2) default '0.00',
  `mei` decimal(15,2) default '0.00',
  `jun` decimal(15,2) default '0.00',
  `jul` decimal(15,2) default '0.00',
  `agu` decimal(15,2) default '0.00',
  `sep` decimal(15,2) default '0.00',
  `okt` decimal(15,2) default '0.00',
  `nov` decimal(15,2) default '0.00',
  `des` decimal(15,2) default '0.00'
) ENGINE=InnoDB DEFAULT CHARSET=latin1 ROW_FORMAT=COMPACT;

-- Dumping data for table tatamasa.budget_cflow: ~0 rows (approximately)
/*!40000 ALTER TABLE `budget_cflow` DISABLE KEYS */;
INSERT INTO `budget_cflow` (`tahun`, `kode_cflow`, `jan`, `feb`, `mar`, `apr`, `mei`, `jun`, `jul`, `agu`, `sep`, `okt`, `nov`, `des`) VALUES
	('2015', '1', 0.00, 400000.00, 500000.00, 0.00, 0.00, 0.00, 0.00, 0.00, 0.00, 0.00, 0.00, 600000.00),
	('2015', '101', 1000000.00, 1000000.00, 700000.00, 1000000.00, 1000000.00, 1000000.00, 10000000.00, 1000000000.00, 1000000000.00, 1000000000.00, 1000000000.00, 10000000.00),
	('2015', '10101', 0.00, 1000000.00, 0.00, 0.00, 0.00, 0.00, 0.00, 0.00, 0.00, 0.00, 0.00, 0.00),
	('2015', '10102', 0.00, 0.00, 0.00, 0.00, 0.00, 0.00, 0.00, 0.00, 0.00, 0.00, 0.00, 0.00),
	('2015', '10103', 0.00, 500000.00, 400000.00, 0.00, 0.00, 0.00, 0.00, 0.00, 0.00, 0.00, 0.00, 0.00),
	('2015', '102', 0.00, 0.00, 0.00, 0.00, 0.00, 0.00, 0.00, 0.00, 0.00, 0.00, 0.00, 0.00),
	('2015', '103', 0.00, 0.00, 0.00, 0.00, 0.00, 0.00, 0.00, 0.00, 0.00, 0.00, 0.00, 0.00),
	('2015', '104', 0.00, 0.00, 0.00, 0.00, 0.00, 0.00, 0.00, 0.00, 0.00, 0.00, 0.00, 0.00),
	('2015', '105', 0.00, 0.00, 0.00, 0.00, 0.00, 0.00, 0.00, 0.00, 0.00, 0.00, 0.00, 0.00),
	('2015', '106', 0.00, 0.00, 0.00, 0.00, 0.00, 0.00, 0.00, 0.00, 0.00, 0.00, 0.00, 0.00),
	('2015', '107', 0.00, 0.00, 0.00, 0.00, 0.00, 0.00, 0.00, 0.00, 0.00, 0.00, 0.00, 0.00),
	('2015', '10701', 0.00, 0.00, 0.00, 0.00, 0.00, 0.00, 0.00, 0.00, 0.00, 0.00, 0.00, 0.00),
	('2015', '10702', 0.00, 0.00, 0.00, 0.00, 0.00, 0.00, 0.00, 0.00, 0.00, 0.00, 0.00, 0.00),
	('2015', '10703', 0.00, 0.00, 0.00, 0.00, 0.00, 0.00, 0.00, 0.00, 0.00, 0.00, 0.00, 0.00),
	('2015', '108', 0.00, 0.00, 0.00, 0.00, 0.00, 0.00, 0.00, 0.00, 0.00, 0.00, 0.00, 0.00),
	('2015', '2', 0.00, 0.00, 0.00, 0.00, 0.00, 0.00, 0.00, 0.00, 0.00, 0.00, 0.00, 0.00),
	('2015', '201', 0.00, 0.00, 0.00, 0.00, 0.00, 0.00, 0.00, 0.00, 0.00, 0.00, 0.00, 0.00),
	('2015', '202', 0.00, 0.00, 0.00, 0.00, 0.00, 0.00, 0.00, 0.00, 0.00, 0.00, 0.00, 0.00),
	('2015', '20201', 0.00, 0.00, 0.00, 0.00, 0.00, 0.00, 0.00, 0.00, 0.00, 0.00, 0.00, 0.00),
	('2015', '2020101', 0.00, 0.00, 0.00, 0.00, 0.00, 0.00, 0.00, 0.00, 0.00, 0.00, 0.00, 0.00),
	('2015', '2020102', 0.00, 0.00, 0.00, 0.00, 0.00, 0.00, 0.00, 0.00, 0.00, 0.00, 0.00, 0.00),
	('2015', '2020103', 0.00, 0.00, 0.00, 0.00, 0.00, 0.00, 0.00, 0.00, 0.00, 0.00, 0.00, 0.00),
	('2015', '2020104', 0.00, 0.00, 0.00, 0.00, 0.00, 0.00, 0.00, 0.00, 0.00, 0.00, 0.00, 0.00),
	('2015', '20202', 0.00, 0.00, 0.00, 0.00, 0.00, 0.00, 0.00, 0.00, 0.00, 0.00, 0.00, 0.00),
	('2015', '20203', 0.00, 0.00, 0.00, 0.00, 0.00, 0.00, 0.00, 0.00, 0.00, 0.00, 0.00, 0.00),
	('2015', '203', 0.00, 0.00, 0.00, 0.00, 0.00, 0.00, 0.00, 0.00, 0.00, 0.00, 0.00, 0.00),
	('2015', '204', 0.00, 0.00, 0.00, 0.00, 0.00, 0.00, 0.00, 0.00, 0.00, 0.00, 0.00, 0.00),
	('2015', '20401', 0.00, 0.00, 0.00, 0.00, 0.00, 0.00, 0.00, 0.00, 0.00, 0.00, 0.00, 0.00),
	('2015', '20402', 0.00, 0.00, 0.00, 0.00, 0.00, 0.00, 0.00, 0.00, 0.00, 0.00, 0.00, 0.00),
	('2015', '20403', 0.00, 0.00, 0.00, 0.00, 0.00, 0.00, 0.00, 0.00, 0.00, 0.00, 0.00, 0.00),
	('2015', '20404', 0.00, 0.00, 0.00, 0.00, 0.00, 0.00, 0.00, 0.00, 0.00, 0.00, 0.00, 0.00),
	('2015', '20405', 0.00, 0.00, 0.00, 0.00, 0.00, 0.00, 0.00, 0.00, 0.00, 0.00, 0.00, 0.00),
	('2015', '20406', 0.00, 0.00, 0.00, 0.00, 0.00, 0.00, 0.00, 0.00, 0.00, 0.00, 0.00, 0.00),
	('2015', '20407', 0.00, 0.00, 0.00, 0.00, 0.00, 0.00, 0.00, 0.00, 0.00, 0.00, 0.00, 0.00),
	('2015', '20408', 0.00, 0.00, 0.00, 0.00, 0.00, 0.00, 0.00, 0.00, 0.00, 0.00, 0.00, 0.00),
	('2015', '205', 0.00, 0.00, 0.00, 0.00, 0.00, 0.00, 0.00, 0.00, 0.00, 0.00, 0.00, 0.00),
	('2015', '20501', 0.00, 0.00, 0.00, 0.00, 0.00, 0.00, 0.00, 0.00, 0.00, 0.00, 0.00, 0.00),
	('2015', '2050101', 0.00, 0.00, 0.00, 0.00, 0.00, 0.00, 0.00, 0.00, 0.00, 0.00, 0.00, 0.00),
	('2015', '2050102', 0.00, 0.00, 0.00, 0.00, 0.00, 0.00, 0.00, 0.00, 0.00, 0.00, 0.00, 0.00),
	('2015', '2050103', 0.00, 0.00, 0.00, 0.00, 0.00, 0.00, 0.00, 0.00, 0.00, 0.00, 0.00, 0.00),
	('2015', '20502', 0.00, 0.00, 0.00, 0.00, 0.00, 0.00, 0.00, 0.00, 0.00, 0.00, 0.00, 0.00),
	('2015', '2050201', 0.00, 0.00, 0.00, 0.00, 0.00, 0.00, 0.00, 0.00, 0.00, 0.00, 0.00, 0.00),
	('2015', '2050202', 0.00, 0.00, 0.00, 0.00, 0.00, 0.00, 0.00, 0.00, 0.00, 0.00, 0.00, 0.00),
	('2015', '2050203', 0.00, 0.00, 0.00, 0.00, 0.00, 0.00, 0.00, 0.00, 0.00, 0.00, 0.00, 0.00),
	('2015', '20503', 0.00, 0.00, 0.00, 0.00, 0.00, 0.00, 0.00, 0.00, 0.00, 0.00, 0.00, 0.00),
	('2015', '206', 0.00, 0.00, 0.00, 0.00, 0.00, 0.00, 0.00, 0.00, 0.00, 0.00, 0.00, 0.00),
	('2015', '20601', 0.00, 0.00, 0.00, 0.00, 0.00, 0.00, 0.00, 0.00, 0.00, 0.00, 0.00, 0.00),
	('2015', '2060101', 0.00, 0.00, 0.00, 0.00, 0.00, 0.00, 0.00, 0.00, 0.00, 0.00, 0.00, 0.00),
	('2015', '2060102', 0.00, 0.00, 0.00, 0.00, 0.00, 0.00, 0.00, 0.00, 0.00, 0.00, 0.00, 0.00),
	('2015', '2060103', 0.00, 0.00, 0.00, 0.00, 0.00, 0.00, 0.00, 0.00, 0.00, 0.00, 0.00, 0.00),
	('2015', '2060104', 0.00, 0.00, 0.00, 0.00, 0.00, 0.00, 0.00, 0.00, 0.00, 0.00, 0.00, 0.00),
	('2015', '2060105', 0.00, 0.00, 0.00, 0.00, 0.00, 0.00, 0.00, 0.00, 0.00, 0.00, 0.00, 0.00),
	('2015', '2060106', 0.00, 0.00, 0.00, 0.00, 0.00, 0.00, 0.00, 0.00, 0.00, 0.00, 0.00, 0.00),
	('2015', '20602', 0.00, 0.00, 0.00, 0.00, 0.00, 0.00, 0.00, 0.00, 0.00, 0.00, 0.00, 0.00),
	('2015', '20603', 0.00, 0.00, 0.00, 0.00, 0.00, 0.00, 0.00, 0.00, 0.00, 0.00, 0.00, 0.00),
	('2015', '2060301', 0.00, 0.00, 0.00, 0.00, 0.00, 0.00, 0.00, 0.00, 0.00, 0.00, 0.00, 0.00),
	('2015', '2060302', 0.00, 0.00, 0.00, 0.00, 0.00, 0.00, 0.00, 0.00, 0.00, 0.00, 0.00, 0.00),
	('2015', '2060303', 0.00, 0.00, 0.00, 0.00, 0.00, 0.00, 0.00, 0.00, 0.00, 0.00, 0.00, 0.00),
	('2015', '2060304', 0.00, 0.00, 0.00, 0.00, 0.00, 0.00, 0.00, 0.00, 0.00, 0.00, 0.00, 0.00),
	('2015', '2060305', 0.00, 0.00, 0.00, 0.00, 0.00, 0.00, 0.00, 0.00, 0.00, 0.00, 0.00, 0.00),
	('2015', '20604', 0.00, 0.00, 0.00, 0.00, 0.00, 0.00, 0.00, 0.00, 0.00, 0.00, 0.00, 0.00),
	('2015', '2060401', 0.00, 0.00, 0.00, 0.00, 0.00, 0.00, 0.00, 0.00, 0.00, 0.00, 0.00, 0.00),
	('2015', '2060402', 0.00, 0.00, 0.00, 0.00, 0.00, 0.00, 0.00, 0.00, 0.00, 0.00, 0.00, 0.00),
	('2015', '20605', 0.00, 0.00, 0.00, 0.00, 0.00, 0.00, 0.00, 0.00, 0.00, 0.00, 0.00, 0.00),
	('2015', '2060501', 0.00, 0.00, 0.00, 0.00, 0.00, 0.00, 0.00, 0.00, 0.00, 0.00, 0.00, 0.00),
	('2015', '2060502', 0.00, 0.00, 0.00, 0.00, 0.00, 0.00, 0.00, 0.00, 0.00, 0.00, 0.00, 0.00),
	('2015', '2060503', 0.00, 0.00, 0.00, 0.00, 0.00, 0.00, 0.00, 0.00, 0.00, 0.00, 0.00, 0.00),
	('2015', '2060504', 0.00, 0.00, 0.00, 0.00, 0.00, 0.00, 0.00, 0.00, 0.00, 0.00, 0.00, 0.00),
	('2015', '2060505', 0.00, 0.00, 0.00, 0.00, 0.00, 0.00, 0.00, 0.00, 0.00, 0.00, 0.00, 0.00),
	('2015', '2060506', 0.00, 0.00, 0.00, 0.00, 0.00, 0.00, 0.00, 0.00, 0.00, 0.00, 0.00, 0.00),
	('2015', '20606', 0.00, 0.00, 0.00, 0.00, 0.00, 0.00, 0.00, 0.00, 0.00, 0.00, 0.00, 0.00),
	('2015', '2060601', 0.00, 0.00, 0.00, 0.00, 0.00, 0.00, 0.00, 0.00, 0.00, 0.00, 0.00, 0.00),
	('2015', '2060602', 0.00, 0.00, 0.00, 0.00, 0.00, 0.00, 0.00, 0.00, 0.00, 0.00, 0.00, 0.00),
	('2015', '2060603', 0.00, 0.00, 0.00, 0.00, 0.00, 0.00, 0.00, 0.00, 0.00, 0.00, 0.00, 0.00),
	('2015', '2060604', 0.00, 0.00, 0.00, 0.00, 0.00, 0.00, 0.00, 0.00, 0.00, 0.00, 0.00, 0.00),
	('2015', '20607', 0.00, 0.00, 0.00, 0.00, 0.00, 0.00, 0.00, 0.00, 0.00, 0.00, 0.00, 0.00),
	('2015', '2060701', 0.00, 0.00, 0.00, 0.00, 0.00, 0.00, 0.00, 0.00, 0.00, 0.00, 0.00, 0.00),
	('2015', '2060702', 0.00, 0.00, 0.00, 0.00, 0.00, 0.00, 0.00, 0.00, 0.00, 0.00, 0.00, 0.00),
	('2015', '2060703', 0.00, 0.00, 0.00, 0.00, 0.00, 0.00, 0.00, 0.00, 0.00, 0.00, 0.00, 0.00),
	('2015', '2060704', 0.00, 0.00, 0.00, 0.00, 0.00, 0.00, 0.00, 0.00, 0.00, 0.00, 0.00, 0.00),
	('2015', '20608', 0.00, 0.00, 0.00, 0.00, 0.00, 0.00, 0.00, 0.00, 0.00, 0.00, 0.00, 0.00),
	('2015', '20609', 0.00, 0.00, 0.00, 0.00, 0.00, 0.00, 0.00, 0.00, 0.00, 0.00, 0.00, 0.00),
	('2015', '2060901', 0.00, 0.00, 0.00, 0.00, 0.00, 0.00, 0.00, 0.00, 0.00, 0.00, 0.00, 0.00),
	('2015', '2060902', 0.00, 0.00, 0.00, 0.00, 0.00, 0.00, 0.00, 0.00, 0.00, 0.00, 0.00, 0.00),
	('2015', '2060903', 0.00, 0.00, 0.00, 0.00, 0.00, 0.00, 0.00, 0.00, 0.00, 0.00, 0.00, 0.00),
	('2015', '20610', 0.00, 0.00, 0.00, 0.00, 0.00, 0.00, 0.00, 0.00, 0.00, 0.00, 0.00, 0.00),
	('2015', '2061001', 0.00, 0.00, 0.00, 0.00, 0.00, 0.00, 0.00, 0.00, 0.00, 0.00, 0.00, 0.00),
	('2015', '2061002', 0.00, 0.00, 0.00, 0.00, 0.00, 0.00, 0.00, 0.00, 0.00, 0.00, 0.00, 0.00),
	('2015', '2061003', 0.00, 0.00, 0.00, 0.00, 0.00, 0.00, 0.00, 0.00, 0.00, 0.00, 0.00, 0.00),
	('2015', '20611', 0.00, 0.00, 0.00, 0.00, 0.00, 0.00, 0.00, 0.00, 0.00, 0.00, 0.00, 0.00),
	('2015', '20612', 0.00, 0.00, 0.00, 0.00, 0.00, 0.00, 0.00, 0.00, 0.00, 0.00, 0.00, 0.00),
	('2015', '20613', 0.00, 0.00, 0.00, 0.00, 0.00, 0.00, 0.00, 0.00, 0.00, 0.00, 0.00, 0.00),
	('2015', '20614', 0.00, 0.00, 0.00, 0.00, 0.00, 0.00, 0.00, 0.00, 0.00, 0.00, 0.00, 0.00),
	('2015', '20615', 0.00, 0.00, 0.00, 0.00, 0.00, 0.00, 0.00, 0.00, 0.00, 0.00, 0.00, 0.00),
	('2015', '20616', 0.00, 0.00, 0.00, 0.00, 0.00, 0.00, 0.00, 0.00, 0.00, 0.00, 0.00, 0.00),
	('2015', '20617', 0.00, 0.00, 0.00, 0.00, 0.00, 0.00, 0.00, 0.00, 0.00, 0.00, 0.00, 0.00),
	('2015', '20618', 0.00, 0.00, 0.00, 0.00, 0.00, 0.00, 0.00, 0.00, 0.00, 0.00, 0.00, 0.00),
	('2015', '207', 0.00, 0.00, 0.00, 0.00, 0.00, 0.00, 0.00, 0.00, 0.00, 0.00, 0.00, 0.00),
	('2015', '20701', 0.00, 0.00, 0.00, 0.00, 0.00, 0.00, 0.00, 0.00, 0.00, 0.00, 0.00, 0.00),
	('2015', '20702', 0.00, 0.00, 0.00, 0.00, 0.00, 0.00, 0.00, 0.00, 0.00, 0.00, 0.00, 0.00),
	('2015', '20703', 0.00, 0.00, 0.00, 0.00, 0.00, 0.00, 0.00, 0.00, 0.00, 0.00, 0.00, 0.00),
	('2015', '20704', 0.00, 0.00, 0.00, 0.00, 0.00, 0.00, 0.00, 0.00, 0.00, 0.00, 0.00, 0.00),
	('2015', '208', 0.00, 0.00, 0.00, 0.00, 0.00, 0.00, 0.00, 0.00, 0.00, 0.00, 0.00, 0.00),
	('2015', '20801', 0.00, 0.00, 0.00, 0.00, 0.00, 0.00, 0.00, 0.00, 0.00, 0.00, 0.00, 0.00),
	('2015', '2080101', 0.00, 0.00, 0.00, 0.00, 0.00, 0.00, 0.00, 0.00, 0.00, 0.00, 0.00, 0.00),
	('2015', '2080102', 0.00, 0.00, 0.00, 0.00, 0.00, 0.00, 0.00, 0.00, 0.00, 0.00, 0.00, 0.00),
	('2015', '20802', 0.00, 0.00, 0.00, 0.00, 0.00, 0.00, 0.00, 0.00, 0.00, 0.00, 0.00, 0.00),
	('2015', '209', 0.00, 0.00, 0.00, 0.00, 0.00, 0.00, 0.00, 0.00, 0.00, 0.00, 0.00, 0.00),
	('2015', '20901', 0.00, 0.00, 0.00, 0.00, 0.00, 0.00, 0.00, 0.00, 0.00, 0.00, 0.00, 0.00),
	('2015', '20902', 0.00, 0.00, 0.00, 0.00, 0.00, 0.00, 0.00, 0.00, 0.00, 0.00, 0.00, 0.00),
	('2015', '20903', 0.00, 0.00, 0.00, 0.00, 0.00, 0.00, 0.00, 0.00, 0.00, 0.00, 0.00, 0.00),
	('2015', '20904', 0.00, 0.00, 0.00, 0.00, 0.00, 0.00, 0.00, 0.00, 0.00, 0.00, 0.00, 0.00),
	('2015', '20905', 0.00, 0.00, 0.00, 0.00, 0.00, 0.00, 0.00, 0.00, 0.00, 0.00, 0.00, 0.00),
	('2015', '210', 0.00, 0.00, 0.00, 0.00, 0.00, 0.00, 0.00, 0.00, 0.00, 0.00, 0.00, 0.00),
	('2015', '21001', 0.00, 0.00, 0.00, 0.00, 0.00, 0.00, 0.00, 0.00, 0.00, 0.00, 0.00, 0.00),
	('2015', '21002', 0.00, 0.00, 0.00, 0.00, 0.00, 0.00, 0.00, 0.00, 0.00, 0.00, 0.00, 0.00),
	('2015', '211', 0.00, 0.00, 0.00, 0.00, 0.00, 0.00, 0.00, 0.00, 0.00, 0.00, 0.00, 0.00),
	('2015', '212', 0.00, 0.00, 0.00, 0.00, 0.00, 0.00, 0.00, 0.00, 0.00, 0.00, 0.00, 0.00),
	('2015', '21201', 0.00, 0.00, 0.00, 0.00, 0.00, 0.00, 0.00, 0.00, 0.00, 0.00, 0.00, 0.00),
	('2015', '21202', 0.00, 0.00, 0.00, 0.00, 0.00, 0.00, 0.00, 0.00, 0.00, 0.00, 0.00, 0.00),
	('2015', '21203', 0.00, 0.00, 0.00, 0.00, 0.00, 0.00, 0.00, 0.00, 0.00, 0.00, 0.00, 0.00),
	('2015', '21204', 0.00, 0.00, 0.00, 0.00, 0.00, 0.00, 0.00, 0.00, 0.00, 0.00, 0.00, 0.00);
/*!40000 ALTER TABLE `budget_cflow` ENABLE KEYS */;


-- Dumping structure for table tatamasa.budget_perkiraan
CREATE TABLE IF NOT EXISTS `budget_perkiraan` (
  `tahun` char(4) default NULL,
  `kode_perk` char(50) default NULL,
  `jan` decimal(15,2) default '0.00',
  `feb` decimal(15,2) default '0.00',
  `mar` decimal(15,2) default '0.00',
  `apr` decimal(15,2) default '0.00',
  `mei` decimal(15,2) default '0.00',
  `jun` decimal(15,2) default '0.00',
  `jul` decimal(15,2) default '0.00',
  `agu` decimal(15,2) default '0.00',
  `sep` decimal(15,2) default '0.00',
  `okt` decimal(15,2) default '0.00',
  `nov` decimal(15,2) default '0.00',
  `des` decimal(15,2) default '0.00'
) ENGINE=InnoDB DEFAULT CHARSET=latin1;

-- Dumping data for table tatamasa.budget_perkiraan: ~627 rows (approximately)
/*!40000 ALTER TABLE `budget_perkiraan` DISABLE KEYS */;
INSERT INTO `budget_perkiraan` (`tahun`, `kode_perk`, `jan`, `feb`, `mar`, `apr`, `mei`, `jun`, `jul`, `agu`, `sep`, `okt`, `nov`, `des`) VALUES
	('2015', '1', 0.00, 0.00, 500000.00, 300000.00, 0.00, 0.00, 0.00, 0.00, 0.00, 0.00, 0.00, 200000.00),
	('2015', '101', 0.00, 0.00, 0.00, 0.00, 0.00, 0.00, 0.00, 0.00, 0.00, 0.00, 0.00, 980000.00),
	('2015', '10101', 1000000.00, 0.00, 0.00, 0.00, 0.00, 0.00, 0.00, 0.00, 0.00, 0.00, 0.00, 40000.00),
	('2015', '1010101', 0.00, 0.00, 0.00, 0.00, 0.00, 0.00, 0.00, 0.00, 0.00, 0.00, 0.00, 0.00),
	('2015', '101010101', 0.00, 0.00, 0.00, 0.00, 0.00, 0.00, 0.00, 0.00, 0.00, 0.00, 0.00, 0.00),
	('2015', '1010102', 0.00, 0.00, 0.00, 0.00, 0.00, 0.00, 0.00, 0.00, 0.00, 0.00, 0.00, 0.00),
	('2015', '101010201', 0.00, 0.00, 0.00, 0.00, 0.00, 0.00, 0.00, 0.00, 0.00, 0.00, 0.00, 0.00),
	('2015', '101010202', 0.00, 0.00, 0.00, 0.00, 0.00, 0.00, 0.00, 0.00, 0.00, 0.00, 0.00, 0.00),
	('2015', '1010103', 0.00, 0.00, 0.00, 0.00, 0.00, 0.00, 0.00, 0.00, 0.00, 0.00, 0.00, 0.00),
	('2015', '101010301', 0.00, 0.00, 0.00, 0.00, 0.00, 0.00, 0.00, 0.00, 0.00, 0.00, 0.00, 0.00),
	('2015', '10101030101', 0.00, 0.00, 0.00, 0.00, 0.00, 0.00, 0.00, 0.00, 0.00, 0.00, 0.00, 0.00),
	('2015', '101010302', 0.00, 0.00, 0.00, 0.00, 0.00, 0.00, 0.00, 0.00, 0.00, 0.00, 0.00, 0.00),
	('2015', '10101030201', 0.00, 0.00, 0.00, 0.00, 0.00, 0.00, 0.00, 0.00, 0.00, 0.00, 0.00, 0.00),
	('2015', '10101030202', 0.00, 0.00, 0.00, 0.00, 0.00, 0.00, 0.00, 0.00, 0.00, 0.00, 0.00, 0.00),
	('2015', '1010104', 0.00, 0.00, 0.00, 0.00, 0.00, 0.00, 0.00, 0.00, 0.00, 0.00, 0.00, 0.00),
	('2015', '101010401', 0.00, 0.00, 0.00, 0.00, 0.00, 0.00, 0.00, 0.00, 0.00, 0.00, 0.00, 0.00),
	('2015', '101010402', 0.00, 0.00, 0.00, 0.00, 0.00, 0.00, 0.00, 0.00, 0.00, 0.00, 0.00, 0.00),
	('2015', '101010403', 0.00, 0.00, 0.00, 0.00, 0.00, 0.00, 0.00, 0.00, 0.00, 0.00, 0.00, 0.00),
	('2015', '1010105', 0.00, 0.00, 0.00, 0.00, 0.00, 0.00, 0.00, 0.00, 0.00, 0.00, 0.00, 0.00),
	('2015', '10102', 0.00, 0.00, 0.00, 0.00, 0.00, 0.00, 0.00, 0.00, 0.00, 0.00, 0.00, 0.00),
	('2015', '1010201', 0.00, 0.00, 0.00, 0.00, 0.00, 0.00, 0.00, 0.00, 0.00, 0.00, 0.00, 0.00),
	('2015', '1010202', 0.00, 0.00, 0.00, 0.00, 0.00, 0.00, 0.00, 0.00, 0.00, 0.00, 0.00, 0.00),
	('2015', '10103', 0.00, 0.00, 0.00, 0.00, 0.00, 0.00, 0.00, 0.00, 0.00, 0.00, 0.00, 0.00),
	('2015', '1010301', 0.00, 0.00, 0.00, 0.00, 0.00, 0.00, 0.00, 0.00, 0.00, 0.00, 0.00, 0.00),
	('2015', '101030101', 0.00, 0.00, 0.00, 0.00, 0.00, 0.00, 0.00, 0.00, 0.00, 0.00, 0.00, 0.00),
	('2015', '101030102', 0.00, 0.00, 0.00, 0.00, 0.00, 0.00, 0.00, 0.00, 0.00, 0.00, 0.00, 0.00),
	('2015', '101030103', 0.00, 0.00, 0.00, 0.00, 0.00, 0.00, 0.00, 0.00, 0.00, 0.00, 0.00, 0.00),
	('2015', '1010302', 0.00, 0.00, 0.00, 0.00, 0.00, 0.00, 0.00, 0.00, 0.00, 0.00, 0.00, 0.00),
	('2015', '101030201', 0.00, 0.00, 0.00, 0.00, 0.00, 0.00, 0.00, 0.00, 0.00, 0.00, 0.00, 0.00),
	('2015', '10103020101', 0.00, 0.00, 0.00, 0.00, 0.00, 0.00, 0.00, 0.00, 0.00, 0.00, 0.00, 0.00),
	('2015', '10103020102', 0.00, 0.00, 0.00, 0.00, 0.00, 0.00, 0.00, 0.00, 0.00, 0.00, 0.00, 0.00),
	('2015', '101030202', 0.00, 0.00, 0.00, 0.00, 0.00, 0.00, 0.00, 0.00, 0.00, 0.00, 0.00, 0.00),
	('2015', '101030203', 0.00, 0.00, 0.00, 0.00, 0.00, 0.00, 0.00, 0.00, 0.00, 0.00, 0.00, 0.00),
	('2015', '10103020301', 0.00, 0.00, 0.00, 0.00, 0.00, 0.00, 0.00, 0.00, 0.00, 0.00, 0.00, 0.00),
	('2015', '10103020302', 0.00, 0.00, 0.00, 0.00, 0.00, 0.00, 0.00, 0.00, 0.00, 0.00, 0.00, 0.00),
	('2015', '101030204', 0.00, 0.00, 0.00, 0.00, 0.00, 0.00, 0.00, 0.00, 0.00, 0.00, 0.00, 0.00),
	('2015', '10104', 0.00, 0.00, 0.00, 0.00, 0.00, 0.00, 0.00, 0.00, 0.00, 0.00, 0.00, 0.00),
	('2015', '1010401', 0.00, 0.00, 0.00, 0.00, 0.00, 0.00, 0.00, 0.00, 0.00, 0.00, 0.00, 0.00),
	('2015', '1010402', 0.00, 0.00, 0.00, 0.00, 0.00, 0.00, 0.00, 0.00, 0.00, 0.00, 0.00, 0.00),
	('2015', '1010403', 0.00, 0.00, 0.00, 0.00, 0.00, 0.00, 0.00, 0.00, 0.00, 0.00, 0.00, 0.00),
	('2015', '101040301', 0.00, 0.00, 0.00, 0.00, 0.00, 0.00, 0.00, 0.00, 0.00, 0.00, 0.00, 0.00),
	('2015', '101040302', 0.00, 0.00, 0.00, 0.00, 0.00, 0.00, 0.00, 0.00, 0.00, 0.00, 0.00, 0.00),
	('2015', '10104030201', 0.00, 0.00, 0.00, 0.00, 0.00, 0.00, 0.00, 0.00, 0.00, 0.00, 0.00, 0.00),
	('2015', '1010403020101', 0.00, 0.00, 0.00, 0.00, 0.00, 0.00, 0.00, 0.00, 0.00, 0.00, 0.00, 0.00),
	('2015', '1010403020102', 0.00, 0.00, 0.00, 0.00, 0.00, 0.00, 0.00, 0.00, 0.00, 0.00, 0.00, 0.00),
	('2015', '1010403020103', 0.00, 0.00, 0.00, 0.00, 0.00, 0.00, 0.00, 0.00, 0.00, 0.00, 0.00, 0.00),
	('2015', '1010403020104', 0.00, 0.00, 0.00, 0.00, 0.00, 0.00, 0.00, 0.00, 0.00, 0.00, 0.00, 0.00),
	('2015', '10104030202', 0.00, 0.00, 0.00, 0.00, 0.00, 0.00, 0.00, 0.00, 0.00, 0.00, 0.00, 0.00),
	('2015', '10104030203', 0.00, 0.00, 0.00, 0.00, 0.00, 0.00, 0.00, 0.00, 0.00, 0.00, 0.00, 0.00),
	('2015', '101040303', 0.00, 0.00, 0.00, 0.00, 0.00, 0.00, 0.00, 0.00, 0.00, 0.00, 0.00, 0.00),
	('2015', '10104030301', 0.00, 0.00, 0.00, 0.00, 0.00, 0.00, 0.00, 0.00, 0.00, 0.00, 0.00, 0.00),
	('2015', '10104030302', 0.00, 0.00, 0.00, 0.00, 0.00, 0.00, 0.00, 0.00, 0.00, 0.00, 0.00, 0.00),
	('2015', '10104030303', 0.00, 0.00, 0.00, 0.00, 0.00, 0.00, 0.00, 0.00, 0.00, 0.00, 0.00, 0.00),
	('2015', '10104030304', 0.00, 0.00, 0.00, 0.00, 0.00, 0.00, 0.00, 0.00, 0.00, 0.00, 0.00, 0.00),
	('2015', '10104030305', 0.00, 0.00, 0.00, 0.00, 0.00, 0.00, 0.00, 0.00, 0.00, 0.00, 0.00, 0.00),
	('2015', '10104030306', 0.00, 0.00, 0.00, 0.00, 0.00, 0.00, 0.00, 0.00, 0.00, 0.00, 0.00, 0.00),
	('2015', '10104030307', 0.00, 0.00, 0.00, 0.00, 0.00, 0.00, 0.00, 0.00, 0.00, 0.00, 0.00, 0.00),
	('2015', '10104030308', 0.00, 0.00, 0.00, 0.00, 0.00, 0.00, 0.00, 0.00, 0.00, 0.00, 0.00, 0.00),
	('2015', '1010404', 0.00, 0.00, 0.00, 0.00, 0.00, 0.00, 0.00, 0.00, 0.00, 0.00, 0.00, 0.00),
	('2015', '10105', 0.00, 0.00, 0.00, 0.00, 0.00, 0.00, 0.00, 0.00, 0.00, 0.00, 0.00, 0.00),
	('2015', '1010501', 0.00, 0.00, 0.00, 0.00, 0.00, 0.00, 0.00, 0.00, 0.00, 0.00, 0.00, 0.00),
	('2015', '1010502', 0.00, 0.00, 0.00, 0.00, 0.00, 0.00, 0.00, 0.00, 0.00, 0.00, 0.00, 0.00),
	('2015', '1010503', 0.00, 0.00, 0.00, 0.00, 0.00, 0.00, 0.00, 0.00, 0.00, 0.00, 0.00, 0.00),
	('2015', '1010504', 0.00, 0.00, 0.00, 0.00, 0.00, 0.00, 0.00, 0.00, 0.00, 0.00, 0.00, 0.00),
	('2015', '101050401', 0.00, 0.00, 0.00, 0.00, 0.00, 0.00, 0.00, 0.00, 0.00, 0.00, 0.00, 0.00),
	('2015', '101050402', 0.00, 0.00, 0.00, 0.00, 0.00, 0.00, 0.00, 0.00, 0.00, 0.00, 0.00, 0.00),
	('2015', '101050403', 0.00, 0.00, 0.00, 0.00, 0.00, 0.00, 0.00, 0.00, 0.00, 0.00, 0.00, 0.00),
	('2015', '101050404', 0.00, 0.00, 0.00, 0.00, 0.00, 0.00, 0.00, 0.00, 0.00, 0.00, 0.00, 0.00),
	('2015', '101050405', 0.00, 0.00, 0.00, 0.00, 0.00, 0.00, 0.00, 0.00, 0.00, 0.00, 0.00, 0.00),
	('2015', '101050406', 0.00, 0.00, 0.00, 0.00, 0.00, 0.00, 0.00, 0.00, 0.00, 0.00, 0.00, 0.00),
	('2015', '1010505', 0.00, 0.00, 0.00, 0.00, 0.00, 0.00, 0.00, 0.00, 0.00, 0.00, 0.00, 0.00),
	('2015', '101050501', 0.00, 0.00, 0.00, 0.00, 0.00, 0.00, 0.00, 0.00, 0.00, 0.00, 0.00, 0.00),
	('2015', '101050502', 0.00, 0.00, 0.00, 0.00, 0.00, 0.00, 0.00, 0.00, 0.00, 0.00, 0.00, 0.00),
	('2015', '101050503', 0.00, 0.00, 0.00, 0.00, 0.00, 0.00, 0.00, 0.00, 0.00, 0.00, 0.00, 0.00),
	('2015', '101050504', 0.00, 0.00, 0.00, 0.00, 0.00, 0.00, 0.00, 0.00, 0.00, 0.00, 0.00, 0.00),
	('2015', '1010506', 0.00, 0.00, 0.00, 0.00, 0.00, 0.00, 0.00, 0.00, 0.00, 0.00, 0.00, 0.00),
	('2015', '101050601', 0.00, 0.00, 0.00, 0.00, 0.00, 0.00, 0.00, 0.00, 0.00, 0.00, 0.00, 0.00),
	('2015', '10105060101', 0.00, 0.00, 0.00, 0.00, 0.00, 0.00, 0.00, 0.00, 0.00, 0.00, 0.00, 0.00),
	('2015', '10105060102', 0.00, 0.00, 0.00, 0.00, 0.00, 0.00, 0.00, 0.00, 0.00, 0.00, 0.00, 0.00),
	('2015', '10105060103', 0.00, 0.00, 0.00, 0.00, 0.00, 0.00, 0.00, 0.00, 0.00, 0.00, 0.00, 0.00),
	('2015', '10105060104', 0.00, 0.00, 0.00, 0.00, 0.00, 0.00, 0.00, 0.00, 0.00, 0.00, 0.00, 0.00),
	('2015', '101050602', 0.00, 0.00, 0.00, 0.00, 0.00, 0.00, 0.00, 0.00, 0.00, 0.00, 0.00, 0.00),
	('2015', '10105060201', 0.00, 0.00, 0.00, 0.00, 0.00, 0.00, 0.00, 0.00, 0.00, 0.00, 0.00, 0.00),
	('2015', '10105060202', 0.00, 0.00, 0.00, 0.00, 0.00, 0.00, 0.00, 0.00, 0.00, 0.00, 0.00, 0.00),
	('2015', '10105060203', 0.00, 0.00, 0.00, 0.00, 0.00, 0.00, 0.00, 0.00, 0.00, 0.00, 0.00, 0.00),
	('2015', '101050603', 0.00, 0.00, 0.00, 0.00, 0.00, 0.00, 0.00, 0.00, 0.00, 0.00, 0.00, 0.00),
	('2015', '10105060301', 0.00, 0.00, 0.00, 0.00, 0.00, 0.00, 0.00, 0.00, 0.00, 0.00, 0.00, 0.00),
	('2015', '10105060302', 0.00, 0.00, 0.00, 0.00, 0.00, 0.00, 0.00, 0.00, 0.00, 0.00, 0.00, 0.00),
	('2015', '10105060303', 0.00, 0.00, 0.00, 0.00, 0.00, 0.00, 0.00, 0.00, 0.00, 0.00, 0.00, 0.00),
	('2015', '10105060304', 0.00, 0.00, 0.00, 0.00, 0.00, 0.00, 0.00, 0.00, 0.00, 0.00, 0.00, 0.00),
	('2015', '101050604', 0.00, 0.00, 0.00, 0.00, 0.00, 0.00, 0.00, 0.00, 0.00, 0.00, 0.00, 0.00),
	('2015', '10105060401', 0.00, 0.00, 0.00, 0.00, 0.00, 0.00, 0.00, 0.00, 0.00, 0.00, 0.00, 0.00),
	('2015', '10105060402', 0.00, 0.00, 0.00, 0.00, 0.00, 0.00, 0.00, 0.00, 0.00, 0.00, 0.00, 0.00),
	('2015', '10105060403', 0.00, 0.00, 0.00, 0.00, 0.00, 0.00, 0.00, 0.00, 0.00, 0.00, 0.00, 0.00),
	('2015', '10105060404', 0.00, 0.00, 0.00, 0.00, 0.00, 0.00, 0.00, 0.00, 0.00, 0.00, 0.00, 0.00),
	('2015', '101050605', 0.00, 0.00, 0.00, 0.00, 0.00, 0.00, 0.00, 0.00, 0.00, 0.00, 0.00, 0.00),
	('2015', '101050606', 0.00, 0.00, 0.00, 0.00, 0.00, 0.00, 0.00, 0.00, 0.00, 0.00, 0.00, 0.00),
	('2015', '101050607', 0.00, 0.00, 0.00, 0.00, 0.00, 0.00, 0.00, 0.00, 0.00, 0.00, 0.00, 0.00),
	('2015', '10105060701', 0.00, 0.00, 0.00, 0.00, 0.00, 0.00, 0.00, 0.00, 0.00, 0.00, 0.00, 0.00),
	('2015', '10105060702', 0.00, 0.00, 0.00, 0.00, 0.00, 0.00, 0.00, 0.00, 0.00, 0.00, 0.00, 0.00),
	('2015', '101050608', 0.00, 0.00, 0.00, 0.00, 0.00, 0.00, 0.00, 0.00, 0.00, 0.00, 0.00, 0.00),
	('2015', '10105060801', 0.00, 0.00, 0.00, 0.00, 0.00, 0.00, 0.00, 0.00, 0.00, 0.00, 0.00, 0.00),
	('2015', '10105060802', 0.00, 0.00, 0.00, 0.00, 0.00, 0.00, 0.00, 0.00, 0.00, 0.00, 0.00, 0.00),
	('2015', '101050609', 0.00, 0.00, 0.00, 0.00, 0.00, 0.00, 0.00, 0.00, 0.00, 0.00, 0.00, 0.00),
	('2015', '101050610', 0.00, 0.00, 0.00, 0.00, 0.00, 0.00, 0.00, 0.00, 0.00, 0.00, 0.00, 0.00),
	('2015', '101050611', 0.00, 0.00, 0.00, 0.00, 0.00, 0.00, 0.00, 0.00, 0.00, 0.00, 0.00, 0.00),
	('2015', '101050612', 0.00, 0.00, 0.00, 0.00, 0.00, 0.00, 0.00, 0.00, 0.00, 0.00, 0.00, 0.00),
	('2015', '101050613', 0.00, 0.00, 0.00, 0.00, 0.00, 0.00, 0.00, 0.00, 0.00, 0.00, 0.00, 0.00),
	('2015', '101050614', 0.00, 0.00, 0.00, 0.00, 0.00, 0.00, 0.00, 0.00, 0.00, 0.00, 0.00, 0.00),
	('2015', '10105061401', 0.00, 0.00, 0.00, 0.00, 0.00, 0.00, 0.00, 0.00, 0.00, 0.00, 0.00, 0.00),
	('2015', '1010506140101', 0.00, 0.00, 0.00, 0.00, 0.00, 0.00, 0.00, 0.00, 0.00, 0.00, 0.00, 0.00),
	('2015', '1010506140102', 0.00, 0.00, 0.00, 0.00, 0.00, 0.00, 0.00, 0.00, 0.00, 0.00, 0.00, 0.00),
	('2015', '1010506140103', 0.00, 0.00, 0.00, 0.00, 0.00, 0.00, 0.00, 0.00, 0.00, 0.00, 0.00, 0.00),
	('2015', '1010506140104', 0.00, 0.00, 0.00, 0.00, 0.00, 0.00, 0.00, 0.00, 0.00, 0.00, 0.00, 0.00),
	('2015', '1010506140105', 0.00, 0.00, 0.00, 0.00, 0.00, 0.00, 0.00, 0.00, 0.00, 0.00, 0.00, 0.00),
	('2015', '1010506140106', 0.00, 0.00, 0.00, 0.00, 0.00, 0.00, 0.00, 0.00, 0.00, 0.00, 0.00, 0.00),
	('2015', '1010506140107', 0.00, 0.00, 0.00, 0.00, 0.00, 0.00, 0.00, 0.00, 0.00, 0.00, 0.00, 0.00),
	('2015', '10105061402', 0.00, 0.00, 0.00, 0.00, 0.00, 0.00, 0.00, 0.00, 0.00, 0.00, 0.00, 0.00),
	('2015', '1010506140201', 0.00, 0.00, 0.00, 0.00, 0.00, 0.00, 0.00, 0.00, 0.00, 0.00, 0.00, 0.00),
	('2015', '1010506140202', 0.00, 0.00, 0.00, 0.00, 0.00, 0.00, 0.00, 0.00, 0.00, 0.00, 0.00, 0.00),
	('2015', '101050615', 0.00, 0.00, 0.00, 0.00, 0.00, 0.00, 0.00, 0.00, 0.00, 0.00, 0.00, 0.00),
	('2015', '10105061501', 0.00, 0.00, 0.00, 0.00, 0.00, 0.00, 0.00, 0.00, 0.00, 0.00, 0.00, 0.00),
	('2015', '10105061502', 0.00, 0.00, 0.00, 0.00, 0.00, 0.00, 0.00, 0.00, 0.00, 0.00, 0.00, 0.00),
	('2015', '10105061503', 0.00, 0.00, 0.00, 0.00, 0.00, 0.00, 0.00, 0.00, 0.00, 0.00, 0.00, 0.00),
	('2015', '10105061504', 0.00, 0.00, 0.00, 0.00, 0.00, 0.00, 0.00, 0.00, 0.00, 0.00, 0.00, 0.00),
	('2015', '10105061505', 0.00, 0.00, 0.00, 0.00, 0.00, 0.00, 0.00, 0.00, 0.00, 0.00, 0.00, 0.00),
	('2015', '101050616', 0.00, 0.00, 0.00, 0.00, 0.00, 0.00, 0.00, 0.00, 0.00, 0.00, 0.00, 0.00),
	('2015', '10105061601', 0.00, 0.00, 0.00, 0.00, 0.00, 0.00, 0.00, 0.00, 0.00, 0.00, 0.00, 0.00),
	('2015', '10105061602', 0.00, 0.00, 0.00, 0.00, 0.00, 0.00, 0.00, 0.00, 0.00, 0.00, 0.00, 0.00),
	('2015', '10105061603', 0.00, 0.00, 0.00, 0.00, 0.00, 0.00, 0.00, 0.00, 0.00, 0.00, 0.00, 0.00),
	('2015', '10105061604', 0.00, 0.00, 0.00, 0.00, 0.00, 0.00, 0.00, 0.00, 0.00, 0.00, 0.00, 0.00),
	('2015', '1010506160401', 0.00, 0.00, 0.00, 0.00, 0.00, 0.00, 0.00, 0.00, 0.00, 0.00, 0.00, 0.00),
	('2015', '1010506160402', 0.00, 0.00, 0.00, 0.00, 0.00, 0.00, 0.00, 0.00, 0.00, 0.00, 0.00, 0.00),
	('2015', '10105061605', 0.00, 0.00, 0.00, 0.00, 0.00, 0.00, 0.00, 0.00, 0.00, 0.00, 0.00, 0.00),
	('2015', '10105061606', 0.00, 0.00, 0.00, 0.00, 0.00, 0.00, 0.00, 0.00, 0.00, 0.00, 0.00, 0.00),
	('2015', '1010507', 0.00, 0.00, 0.00, 0.00, 0.00, 0.00, 0.00, 0.00, 0.00, 0.00, 0.00, 0.00),
	('2015', '10106', 0.00, 0.00, 0.00, 0.00, 0.00, 0.00, 0.00, 0.00, 0.00, 0.00, 0.00, 0.00),
	('2015', '1010601', 0.00, 0.00, 0.00, 0.00, 0.00, 0.00, 0.00, 0.00, 0.00, 0.00, 0.00, 0.00),
	('2015', '1010602', 0.00, 0.00, 0.00, 0.00, 0.00, 0.00, 0.00, 0.00, 0.00, 0.00, 0.00, 0.00),
	('2015', '1010603', 0.00, 0.00, 0.00, 0.00, 0.00, 0.00, 0.00, 0.00, 0.00, 0.00, 0.00, 0.00),
	('2015', '1010604', 0.00, 0.00, 0.00, 0.00, 0.00, 0.00, 0.00, 0.00, 0.00, 0.00, 0.00, 0.00),
	('2015', '1010605', 0.00, 0.00, 0.00, 0.00, 0.00, 0.00, 0.00, 0.00, 0.00, 0.00, 0.00, 0.00),
	('2015', '10107', 0.00, 0.00, 0.00, 0.00, 0.00, 0.00, 0.00, 0.00, 0.00, 0.00, 0.00, 0.00),
	('2015', '1010701', 0.00, 0.00, 0.00, 0.00, 0.00, 0.00, 0.00, 0.00, 0.00, 0.00, 0.00, 0.00),
	('2015', '1010702', 0.00, 0.00, 0.00, 0.00, 0.00, 0.00, 0.00, 0.00, 0.00, 0.00, 0.00, 0.00),
	('2015', '1010703', 0.00, 0.00, 0.00, 0.00, 0.00, 0.00, 0.00, 0.00, 0.00, 0.00, 0.00, 0.00),
	('2015', '1010704', 0.00, 0.00, 0.00, 0.00, 0.00, 0.00, 0.00, 0.00, 0.00, 0.00, 0.00, 0.00),
	('2015', '1010705', 0.00, 0.00, 0.00, 0.00, 0.00, 0.00, 0.00, 0.00, 0.00, 0.00, 0.00, 0.00),
	('2015', '10108', 0.00, 0.00, 0.00, 0.00, 0.00, 0.00, 0.00, 0.00, 0.00, 0.00, 0.00, 0.00),
	('2015', '102', 0.00, 0.00, 0.00, 0.00, 0.00, 0.00, 0.00, 0.00, 0.00, 0.00, 0.00, 0.00),
	('2015', '10201', 0.00, 0.00, 0.00, 0.00, 0.00, 0.00, 0.00, 0.00, 0.00, 0.00, 0.00, 0.00),
	('2015', '1020101', 0.00, 0.00, 0.00, 0.00, 0.00, 0.00, 0.00, 0.00, 0.00, 0.00, 0.00, 0.00),
	('2015', '1020102', 0.00, 0.00, 0.00, 0.00, 0.00, 0.00, 0.00, 0.00, 0.00, 0.00, 0.00, 0.00),
	('2015', '102010201', 0.00, 0.00, 0.00, 0.00, 0.00, 0.00, 0.00, 0.00, 0.00, 0.00, 0.00, 0.00),
	('2015', '102010202', 0.00, 0.00, 0.00, 0.00, 0.00, 0.00, 0.00, 0.00, 0.00, 0.00, 0.00, 0.00),
	('2015', '10202', 0.00, 0.00, 0.00, 0.00, 0.00, 0.00, 0.00, 0.00, 0.00, 0.00, 0.00, 0.00),
	('2015', '1020201', 0.00, 0.00, 0.00, 0.00, 0.00, 0.00, 0.00, 0.00, 0.00, 0.00, 0.00, 0.00),
	('2015', '1020202', 0.00, 0.00, 0.00, 0.00, 0.00, 0.00, 0.00, 0.00, 0.00, 0.00, 0.00, 0.00),
	('2015', '10203', 0.00, 0.00, 0.00, 0.00, 0.00, 0.00, 0.00, 0.00, 0.00, 0.00, 0.00, 0.00),
	('2015', '1020301', 0.00, 0.00, 0.00, 0.00, 0.00, 0.00, 0.00, 0.00, 0.00, 0.00, 0.00, 0.00),
	('2015', '102030101', 0.00, 0.00, 0.00, 0.00, 0.00, 0.00, 0.00, 0.00, 0.00, 0.00, 0.00, 0.00),
	('2015', '102030102', 0.00, 0.00, 0.00, 0.00, 0.00, 0.00, 0.00, 0.00, 0.00, 0.00, 0.00, 0.00),
	('2015', '102030103', 0.00, 0.00, 0.00, 0.00, 0.00, 0.00, 0.00, 0.00, 0.00, 0.00, 0.00, 0.00),
	('2015', '102030104', 0.00, 0.00, 0.00, 0.00, 0.00, 0.00, 0.00, 0.00, 0.00, 0.00, 0.00, 0.00),
	('2015', '102030105', 0.00, 0.00, 0.00, 0.00, 0.00, 0.00, 0.00, 0.00, 0.00, 0.00, 0.00, 0.00),
	('2015', '102030106', 0.00, 0.00, 0.00, 0.00, 0.00, 0.00, 0.00, 0.00, 0.00, 0.00, 0.00, 0.00),
	('2015', '102030107', 0.00, 0.00, 0.00, 0.00, 0.00, 0.00, 0.00, 0.00, 0.00, 0.00, 0.00, 0.00),
	('2015', '102030108', 0.00, 0.00, 0.00, 0.00, 0.00, 0.00, 0.00, 0.00, 0.00, 0.00, 0.00, 0.00),
	('2015', '102030109', 0.00, 0.00, 0.00, 0.00, 0.00, 0.00, 0.00, 0.00, 0.00, 0.00, 0.00, 0.00),
	('2015', '1020302', 0.00, 0.00, 0.00, 0.00, 0.00, 0.00, 0.00, 0.00, 0.00, 0.00, 0.00, 0.00),
	('2015', '102030201', 0.00, 0.00, 0.00, 0.00, 0.00, 0.00, 0.00, 0.00, 0.00, 0.00, 0.00, 0.00),
	('2015', '102030202', 0.00, 0.00, 0.00, 0.00, 0.00, 0.00, 0.00, 0.00, 0.00, 0.00, 0.00, 0.00),
	('2015', '102030203', 0.00, 0.00, 0.00, 0.00, 0.00, 0.00, 0.00, 0.00, 0.00, 0.00, 0.00, 0.00),
	('2015', '102030204', 0.00, 0.00, 0.00, 0.00, 0.00, 0.00, 0.00, 0.00, 0.00, 0.00, 0.00, 0.00),
	('2015', '102030205', 0.00, 0.00, 0.00, 0.00, 0.00, 0.00, 0.00, 0.00, 0.00, 0.00, 0.00, 0.00),
	('2015', '102030206', 0.00, 0.00, 0.00, 0.00, 0.00, 0.00, 0.00, 0.00, 0.00, 0.00, 0.00, 0.00),
	('2015', '102030207', 0.00, 0.00, 0.00, 0.00, 0.00, 0.00, 0.00, 0.00, 0.00, 0.00, 0.00, 0.00),
	('2015', '10204', 0.00, 0.00, 0.00, 0.00, 0.00, 0.00, 0.00, 0.00, 0.00, 0.00, 0.00, 0.00),
	('2015', '1020401', 0.00, 0.00, 0.00, 0.00, 0.00, 0.00, 0.00, 0.00, 0.00, 0.00, 0.00, 0.00),
	('2015', '102040101', 0.00, 0.00, 0.00, 0.00, 0.00, 0.00, 0.00, 0.00, 0.00, 0.00, 0.00, 0.00),
	('2015', '102040102', 0.00, 0.00, 0.00, 0.00, 0.00, 0.00, 0.00, 0.00, 0.00, 0.00, 0.00, 0.00),
	('2015', '102040103', 0.00, 0.00, 0.00, 0.00, 0.00, 0.00, 0.00, 0.00, 0.00, 0.00, 0.00, 0.00),
	('2015', '1020402', 0.00, 0.00, 0.00, 0.00, 0.00, 0.00, 0.00, 0.00, 0.00, 0.00, 0.00, 0.00),
	('2015', '102040201', 0.00, 0.00, 0.00, 0.00, 0.00, 0.00, 0.00, 0.00, 0.00, 0.00, 0.00, 0.00),
	('2015', '102040202', 0.00, 0.00, 0.00, 0.00, 0.00, 0.00, 0.00, 0.00, 0.00, 0.00, 0.00, 0.00),
	('2015', '102040203', 0.00, 0.00, 0.00, 0.00, 0.00, 0.00, 0.00, 0.00, 0.00, 0.00, 0.00, 0.00),
	('2015', '10205', 0.00, 0.00, 0.00, 0.00, 0.00, 0.00, 0.00, 0.00, 0.00, 0.00, 0.00, 0.00),
	('2015', '10206', 0.00, 0.00, 0.00, 0.00, 0.00, 0.00, 0.00, 0.00, 0.00, 0.00, 0.00, 0.00),
	('2015', '10207', 0.00, 0.00, 0.00, 0.00, 0.00, 0.00, 0.00, 0.00, 0.00, 0.00, 0.00, 0.00),
	('2015', '2', 0.00, 0.00, 0.00, 0.00, 0.00, 0.00, 0.00, 0.00, 0.00, 0.00, 0.00, 0.00),
	('2015', '201', 0.00, 0.00, 0.00, 0.00, 0.00, 0.00, 0.00, 0.00, 0.00, 0.00, 0.00, 0.00),
	('2015', '20101', 0.00, 0.00, 0.00, 0.00, 0.00, 0.00, 0.00, 0.00, 0.00, 0.00, 0.00, 0.00),
	('2015', '2010101', 0.00, 0.00, 0.00, 0.00, 0.00, 0.00, 0.00, 0.00, 0.00, 0.00, 0.00, 0.00),
	('2015', '201010101', 0.00, 0.00, 0.00, 0.00, 0.00, 0.00, 0.00, 0.00, 0.00, 0.00, 0.00, 0.00),
	('2015', '201010102', 0.00, 0.00, 0.00, 0.00, 0.00, 0.00, 0.00, 0.00, 0.00, 0.00, 0.00, 0.00),
	('2015', '2010102', 0.00, 0.00, 0.00, 0.00, 0.00, 0.00, 0.00, 0.00, 0.00, 0.00, 0.00, 0.00),
	('2015', '2010103', 0.00, 0.00, 0.00, 0.00, 0.00, 0.00, 0.00, 0.00, 0.00, 0.00, 0.00, 0.00),
	('2015', '201010301', 0.00, 0.00, 0.00, 0.00, 0.00, 0.00, 0.00, 0.00, 0.00, 0.00, 0.00, 0.00),
	('2015', '20102', 0.00, 0.00, 0.00, 0.00, 0.00, 0.00, 0.00, 0.00, 0.00, 0.00, 0.00, 0.00),
	('2015', '2010201', 0.00, 0.00, 0.00, 0.00, 0.00, 0.00, 0.00, 0.00, 0.00, 0.00, 0.00, 0.00),
	('2015', '2010202', 0.00, 0.00, 0.00, 0.00, 0.00, 0.00, 0.00, 0.00, 0.00, 0.00, 0.00, 0.00),
	('2015', '20103', 0.00, 0.00, 0.00, 0.00, 0.00, 0.00, 0.00, 0.00, 0.00, 0.00, 0.00, 0.00),
	('2015', '2010301', 0.00, 0.00, 0.00, 0.00, 0.00, 0.00, 0.00, 0.00, 0.00, 0.00, 0.00, 0.00),
	('2015', '2010302', 0.00, 0.00, 0.00, 0.00, 0.00, 0.00, 0.00, 0.00, 0.00, 0.00, 0.00, 0.00),
	('2015', '201030201', 0.00, 0.00, 0.00, 0.00, 0.00, 0.00, 0.00, 0.00, 0.00, 0.00, 0.00, 0.00),
	('2015', '20103020101', 0.00, 0.00, 0.00, 0.00, 0.00, 0.00, 0.00, 0.00, 0.00, 0.00, 0.00, 0.00),
	('2015', '20103020102', 0.00, 0.00, 0.00, 0.00, 0.00, 0.00, 0.00, 0.00, 0.00, 0.00, 0.00, 0.00),
	('2015', '201030202', 0.00, 0.00, 0.00, 0.00, 0.00, 0.00, 0.00, 0.00, 0.00, 0.00, 0.00, 0.00),
	('2015', '20103020201', 0.00, 0.00, 0.00, 0.00, 0.00, 0.00, 0.00, 0.00, 0.00, 0.00, 0.00, 0.00),
	('2015', '20103020202', 0.00, 0.00, 0.00, 0.00, 0.00, 0.00, 0.00, 0.00, 0.00, 0.00, 0.00, 0.00),
	('2015', '201030203', 0.00, 0.00, 0.00, 0.00, 0.00, 0.00, 0.00, 0.00, 0.00, 0.00, 0.00, 0.00),
	('2015', '20103020301', 0.00, 0.00, 0.00, 0.00, 0.00, 0.00, 0.00, 0.00, 0.00, 0.00, 0.00, 0.00),
	('2015', '201030204', 0.00, 0.00, 0.00, 0.00, 0.00, 0.00, 0.00, 0.00, 0.00, 0.00, 0.00, 0.00),
	('2015', '20104', 0.00, 0.00, 0.00, 0.00, 0.00, 0.00, 0.00, 0.00, 0.00, 0.00, 0.00, 0.00),
	('2015', '2010401', 0.00, 0.00, 0.00, 0.00, 0.00, 0.00, 0.00, 0.00, 0.00, 0.00, 0.00, 0.00),
	('2015', '2010402', 0.00, 0.00, 0.00, 0.00, 0.00, 0.00, 0.00, 0.00, 0.00, 0.00, 0.00, 0.00),
	('2015', '2010403', 0.00, 0.00, 0.00, 0.00, 0.00, 0.00, 0.00, 0.00, 0.00, 0.00, 0.00, 0.00),
	('2015', '2010404', 0.00, 0.00, 0.00, 0.00, 0.00, 0.00, 0.00, 0.00, 0.00, 0.00, 0.00, 0.00),
	('2015', '20105', 0.00, 0.00, 0.00, 0.00, 0.00, 0.00, 0.00, 0.00, 0.00, 0.00, 0.00, 0.00),
	('2015', '2010501', 0.00, 0.00, 0.00, 0.00, 0.00, 0.00, 0.00, 0.00, 0.00, 0.00, 0.00, 0.00),
	('2015', '201050101', 0.00, 0.00, 0.00, 0.00, 0.00, 0.00, 0.00, 0.00, 0.00, 0.00, 0.00, 0.00),
	('2015', '201050102', 0.00, 0.00, 0.00, 0.00, 0.00, 0.00, 0.00, 0.00, 0.00, 0.00, 0.00, 0.00),
	('2015', '201050103', 0.00, 0.00, 0.00, 0.00, 0.00, 0.00, 0.00, 0.00, 0.00, 0.00, 0.00, 0.00),
	('2015', '201050104', 0.00, 0.00, 0.00, 0.00, 0.00, 0.00, 0.00, 0.00, 0.00, 0.00, 0.00, 0.00),
	('2015', '201050105', 0.00, 0.00, 0.00, 0.00, 0.00, 0.00, 0.00, 0.00, 0.00, 0.00, 0.00, 0.00),
	('2015', '201050106', 0.00, 0.00, 0.00, 0.00, 0.00, 0.00, 0.00, 0.00, 0.00, 0.00, 0.00, 0.00),
	('2015', '201050107', 0.00, 0.00, 0.00, 0.00, 0.00, 0.00, 0.00, 0.00, 0.00, 0.00, 0.00, 0.00),
	('2015', '201050108', 0.00, 0.00, 0.00, 0.00, 0.00, 0.00, 0.00, 0.00, 0.00, 0.00, 0.00, 0.00),
	('2015', '201050109', 0.00, 0.00, 0.00, 0.00, 0.00, 0.00, 0.00, 0.00, 0.00, 0.00, 0.00, 0.00),
	('2015', '201050110', 0.00, 0.00, 0.00, 0.00, 0.00, 0.00, 0.00, 0.00, 0.00, 0.00, 0.00, 0.00),
	('2015', '2010502', 0.00, 0.00, 0.00, 0.00, 0.00, 0.00, 0.00, 0.00, 0.00, 0.00, 0.00, 0.00),
	('2015', '201050201', 0.00, 0.00, 0.00, 0.00, 0.00, 0.00, 0.00, 0.00, 0.00, 0.00, 0.00, 0.00),
	('2015', '2010503', 0.00, 0.00, 0.00, 0.00, 0.00, 0.00, 0.00, 0.00, 0.00, 0.00, 0.00, 0.00),
	('2015', '201050301', 0.00, 0.00, 0.00, 0.00, 0.00, 0.00, 0.00, 0.00, 0.00, 0.00, 0.00, 0.00),
	('2015', '2010504', 0.00, 0.00, 0.00, 0.00, 0.00, 0.00, 0.00, 0.00, 0.00, 0.00, 0.00, 0.00),
	('2015', '201050401', 0.00, 0.00, 0.00, 0.00, 0.00, 0.00, 0.00, 0.00, 0.00, 0.00, 0.00, 0.00),
	('2015', '20106', 0.00, 0.00, 0.00, 0.00, 0.00, 0.00, 0.00, 0.00, 0.00, 0.00, 0.00, 0.00),
	('2015', '2010601', 0.00, 0.00, 0.00, 0.00, 0.00, 0.00, 0.00, 0.00, 0.00, 0.00, 0.00, 0.00),
	('2015', '2010602', 0.00, 0.00, 0.00, 0.00, 0.00, 0.00, 0.00, 0.00, 0.00, 0.00, 0.00, 0.00),
	('2015', '2010603', 0.00, 0.00, 0.00, 0.00, 0.00, 0.00, 0.00, 0.00, 0.00, 0.00, 0.00, 0.00),
	('2015', '2010604', 0.00, 0.00, 0.00, 0.00, 0.00, 0.00, 0.00, 0.00, 0.00, 0.00, 0.00, 0.00),
	('2015', '2010605', 0.00, 0.00, 0.00, 0.00, 0.00, 0.00, 0.00, 0.00, 0.00, 0.00, 0.00, 0.00),
	('2015', '2010606', 0.00, 0.00, 0.00, 0.00, 0.00, 0.00, 0.00, 0.00, 0.00, 0.00, 0.00, 0.00),
	('2015', '2010607', 0.00, 0.00, 0.00, 0.00, 0.00, 0.00, 0.00, 0.00, 0.00, 0.00, 0.00, 0.00),
	('2015', '20107', 0.00, 0.00, 0.00, 0.00, 0.00, 0.00, 0.00, 0.00, 0.00, 0.00, 0.00, 0.00),
	('2015', '2010701', 0.00, 0.00, 0.00, 0.00, 0.00, 0.00, 0.00, 0.00, 0.00, 0.00, 0.00, 0.00),
	('2015', '201070101', 0.00, 0.00, 0.00, 0.00, 0.00, 0.00, 0.00, 0.00, 0.00, 0.00, 0.00, 0.00),
	('2015', '201070102', 0.00, 0.00, 0.00, 0.00, 0.00, 0.00, 0.00, 0.00, 0.00, 0.00, 0.00, 0.00),
	('2015', '2010702', 0.00, 0.00, 0.00, 0.00, 0.00, 0.00, 0.00, 0.00, 0.00, 0.00, 0.00, 0.00),
	('2015', '2010703', 0.00, 0.00, 0.00, 0.00, 0.00, 0.00, 0.00, 0.00, 0.00, 0.00, 0.00, 0.00),
	('2015', '20108', 0.00, 0.00, 0.00, 0.00, 0.00, 0.00, 0.00, 0.00, 0.00, 0.00, 0.00, 0.00),
	('2015', '202', 0.00, 0.00, 0.00, 0.00, 0.00, 0.00, 0.00, 0.00, 0.00, 0.00, 0.00, 0.00),
	('2015', '20201', 0.00, 0.00, 0.00, 0.00, 0.00, 0.00, 0.00, 0.00, 0.00, 0.00, 0.00, 0.00),
	('2015', '2020101', 0.00, 0.00, 0.00, 0.00, 0.00, 0.00, 0.00, 0.00, 0.00, 0.00, 0.00, 0.00),
	('2015', '202010101', 0.00, 0.00, 0.00, 0.00, 0.00, 0.00, 0.00, 0.00, 0.00, 0.00, 0.00, 0.00),
	('2015', '202010102', 0.00, 0.00, 0.00, 0.00, 0.00, 0.00, 0.00, 0.00, 0.00, 0.00, 0.00, 0.00),
	('2015', '2020102', 0.00, 0.00, 0.00, 0.00, 0.00, 0.00, 0.00, 0.00, 0.00, 0.00, 0.00, 0.00),
	('2015', '202010201', 0.00, 0.00, 0.00, 0.00, 0.00, 0.00, 0.00, 0.00, 0.00, 0.00, 0.00, 0.00),
	('2015', '2020103', 0.00, 0.00, 0.00, 0.00, 0.00, 0.00, 0.00, 0.00, 0.00, 0.00, 0.00, 0.00),
	('2015', '20202', 0.00, 0.00, 0.00, 0.00, 0.00, 0.00, 0.00, 0.00, 0.00, 0.00, 0.00, 0.00),
	('2015', '3', 0.00, 0.00, 0.00, 0.00, 0.00, 0.00, 0.00, 0.00, 0.00, 0.00, 0.00, 0.00),
	('2015', '301', 0.00, 0.00, 0.00, 0.00, 0.00, 0.00, 0.00, 0.00, 0.00, 0.00, 0.00, 0.00),
	('2015', '30101', 0.00, 0.00, 0.00, 0.00, 0.00, 0.00, 0.00, 0.00, 0.00, 0.00, 0.00, 0.00),
	('2015', '30102', 0.00, 0.00, 0.00, 0.00, 0.00, 0.00, 0.00, 0.00, 0.00, 0.00, 0.00, 0.00),
	('2015', '302', 0.00, 0.00, 0.00, 0.00, 0.00, 0.00, 0.00, 0.00, 0.00, 0.00, 0.00, 0.00),
	('2015', '303', 0.00, 0.00, 0.00, 0.00, 0.00, 0.00, 0.00, 0.00, 0.00, 0.00, 0.00, 0.00),
	('2015', '30301', 0.00, 0.00, 0.00, 0.00, 0.00, 0.00, 0.00, 0.00, 0.00, 0.00, 0.00, 0.00),
	('2015', '30302', 0.00, 0.00, 0.00, 0.00, 0.00, 0.00, 0.00, 0.00, 0.00, 0.00, 0.00, 0.00),
	('2015', '4', 0.00, 0.00, 0.00, 0.00, 0.00, 0.00, 0.00, 0.00, 0.00, 0.00, 0.00, 0.00),
	('2015', '401', 0.00, 0.00, 0.00, 0.00, 0.00, 0.00, 0.00, 0.00, 0.00, 0.00, 0.00, 0.00),
	('2015', '40101', 0.00, 0.00, 0.00, 0.00, 0.00, 0.00, 0.00, 0.00, 0.00, 0.00, 0.00, 0.00),
	('2015', '4010101', 0.00, 0.00, 0.00, 0.00, 0.00, 0.00, 0.00, 0.00, 0.00, 0.00, 0.00, 0.00),
	('2015', '4010102', 0.00, 0.00, 0.00, 0.00, 0.00, 0.00, 0.00, 0.00, 0.00, 0.00, 0.00, 0.00),
	('2015', '4010103', 0.00, 0.00, 0.00, 0.00, 0.00, 0.00, 0.00, 0.00, 0.00, 0.00, 0.00, 0.00),
	('2015', '4010104', 0.00, 0.00, 0.00, 0.00, 0.00, 0.00, 0.00, 0.00, 0.00, 0.00, 0.00, 0.00),
	('2015', '4010105', 0.00, 0.00, 0.00, 0.00, 0.00, 0.00, 0.00, 0.00, 0.00, 0.00, 0.00, 0.00),
	('2015', '4010106', 0.00, 0.00, 0.00, 0.00, 0.00, 0.00, 0.00, 0.00, 0.00, 0.00, 0.00, 0.00),
	('2015', '4010107', 0.00, 0.00, 0.00, 0.00, 0.00, 0.00, 0.00, 0.00, 0.00, 0.00, 0.00, 0.00),
	('2015', '40102', 0.00, 0.00, 0.00, 0.00, 0.00, 0.00, 0.00, 0.00, 0.00, 0.00, 0.00, 0.00),
	('2015', '4010201', 0.00, 0.00, 0.00, 0.00, 0.00, 0.00, 0.00, 0.00, 0.00, 0.00, 0.00, 0.00),
	('2015', '4010202', 0.00, 0.00, 0.00, 0.00, 0.00, 0.00, 0.00, 0.00, 0.00, 0.00, 0.00, 0.00),
	('2015', '4010203', 0.00, 0.00, 0.00, 0.00, 0.00, 0.00, 0.00, 0.00, 0.00, 0.00, 0.00, 0.00),
	('2015', '4010204', 0.00, 0.00, 0.00, 0.00, 0.00, 0.00, 0.00, 0.00, 0.00, 0.00, 0.00, 0.00),
	('2015', '4010205', 0.00, 0.00, 0.00, 0.00, 0.00, 0.00, 0.00, 0.00, 0.00, 0.00, 0.00, 0.00),
	('2015', '4010206', 0.00, 0.00, 0.00, 0.00, 0.00, 0.00, 0.00, 0.00, 0.00, 0.00, 0.00, 0.00),
	('2015', '4010207', 0.00, 0.00, 0.00, 0.00, 0.00, 0.00, 0.00, 0.00, 0.00, 0.00, 0.00, 0.00),
	('2015', '40103', 0.00, 0.00, 0.00, 0.00, 0.00, 0.00, 0.00, 0.00, 0.00, 0.00, 0.00, 0.00),
	('2015', '4010301', 0.00, 0.00, 0.00, 0.00, 0.00, 0.00, 0.00, 0.00, 0.00, 0.00, 0.00, 0.00),
	('2015', '4010302', 0.00, 0.00, 0.00, 0.00, 0.00, 0.00, 0.00, 0.00, 0.00, 0.00, 0.00, 0.00),
	('2015', '4010303', 0.00, 0.00, 0.00, 0.00, 0.00, 0.00, 0.00, 0.00, 0.00, 0.00, 0.00, 0.00),
	('2015', '4010304', 0.00, 0.00, 0.00, 0.00, 0.00, 0.00, 0.00, 0.00, 0.00, 0.00, 0.00, 0.00),
	('2015', '4010305', 0.00, 0.00, 0.00, 0.00, 0.00, 0.00, 0.00, 0.00, 0.00, 0.00, 0.00, 0.00),
	('2015', '4010306', 0.00, 0.00, 0.00, 0.00, 0.00, 0.00, 0.00, 0.00, 0.00, 0.00, 0.00, 0.00),
	('2015', '402', 0.00, 0.00, 0.00, 0.00, 0.00, 0.00, 0.00, 0.00, 0.00, 0.00, 0.00, 0.00),
	('2015', '403', 0.00, 0.00, 0.00, 0.00, 0.00, 0.00, 0.00, 0.00, 0.00, 0.00, 0.00, 0.00),
	('2015', '40301', 0.00, 0.00, 0.00, 0.00, 0.00, 0.00, 0.00, 0.00, 0.00, 0.00, 0.00, 0.00),
	('2015', '4030101', 0.00, 0.00, 0.00, 0.00, 0.00, 0.00, 0.00, 0.00, 0.00, 0.00, 0.00, 0.00),
	('2015', '403010101', 0.00, 0.00, 0.00, 0.00, 0.00, 0.00, 0.00, 0.00, 0.00, 0.00, 0.00, 0.00),
	('2015', '403010102', 0.00, 0.00, 0.00, 0.00, 0.00, 0.00, 0.00, 0.00, 0.00, 0.00, 0.00, 0.00),
	('2015', '403010103', 0.00, 0.00, 0.00, 0.00, 0.00, 0.00, 0.00, 0.00, 0.00, 0.00, 0.00, 0.00),
	('2015', '40301010301', 0.00, 0.00, 0.00, 0.00, 0.00, 0.00, 0.00, 0.00, 0.00, 0.00, 0.00, 0.00),
	('2015', '40301010302', 0.00, 0.00, 0.00, 0.00, 0.00, 0.00, 0.00, 0.00, 0.00, 0.00, 0.00, 0.00),
	('2015', '40301010303', 0.00, 0.00, 0.00, 0.00, 0.00, 0.00, 0.00, 0.00, 0.00, 0.00, 0.00, 0.00),
	('2015', '40301010304', 0.00, 0.00, 0.00, 0.00, 0.00, 0.00, 0.00, 0.00, 0.00, 0.00, 0.00, 0.00),
	('2015', '40301010305', 0.00, 0.00, 0.00, 0.00, 0.00, 0.00, 0.00, 0.00, 0.00, 0.00, 0.00, 0.00),
	('2015', '40301010306', 0.00, 0.00, 0.00, 0.00, 0.00, 0.00, 0.00, 0.00, 0.00, 0.00, 0.00, 0.00),
	('2015', '403010104', 0.00, 0.00, 0.00, 0.00, 0.00, 0.00, 0.00, 0.00, 0.00, 0.00, 0.00, 0.00),
	('2015', '40301010401', 0.00, 0.00, 0.00, 0.00, 0.00, 0.00, 0.00, 0.00, 0.00, 0.00, 0.00, 0.00),
	('2015', '4030101040101', 0.00, 0.00, 0.00, 0.00, 0.00, 0.00, 0.00, 0.00, 0.00, 0.00, 0.00, 0.00),
	('2015', '4030101040102', 0.00, 0.00, 0.00, 0.00, 0.00, 0.00, 0.00, 0.00, 0.00, 0.00, 0.00, 0.00),
	('2015', '4030101040103', 0.00, 0.00, 0.00, 0.00, 0.00, 0.00, 0.00, 0.00, 0.00, 0.00, 0.00, 0.00),
	('2015', '4030101040104', 0.00, 0.00, 0.00, 0.00, 0.00, 0.00, 0.00, 0.00, 0.00, 0.00, 0.00, 0.00),
	('2015', '40301010402', 0.00, 0.00, 0.00, 0.00, 0.00, 0.00, 0.00, 0.00, 0.00, 0.00, 0.00, 0.00),
	('2015', '40301010403', 0.00, 0.00, 0.00, 0.00, 0.00, 0.00, 0.00, 0.00, 0.00, 0.00, 0.00, 0.00),
	('2015', '40301010404', 0.00, 0.00, 0.00, 0.00, 0.00, 0.00, 0.00, 0.00, 0.00, 0.00, 0.00, 0.00),
	('2015', '4030101040401', 0.00, 0.00, 0.00, 0.00, 0.00, 0.00, 0.00, 0.00, 0.00, 0.00, 0.00, 0.00),
	('2015', '4030101040402', 0.00, 0.00, 0.00, 0.00, 0.00, 0.00, 0.00, 0.00, 0.00, 0.00, 0.00, 0.00),
	('2015', '4030101040403', 0.00, 0.00, 0.00, 0.00, 0.00, 0.00, 0.00, 0.00, 0.00, 0.00, 0.00, 0.00),
	('2015', '4030101040404', 0.00, 0.00, 0.00, 0.00, 0.00, 0.00, 0.00, 0.00, 0.00, 0.00, 0.00, 0.00),
	('2015', '4030101040405', 0.00, 0.00, 0.00, 0.00, 0.00, 0.00, 0.00, 0.00, 0.00, 0.00, 0.00, 0.00),
	('2015', '4030101040406', 0.00, 0.00, 0.00, 0.00, 0.00, 0.00, 0.00, 0.00, 0.00, 0.00, 0.00, 0.00),
	('2015', '4030101040407', 0.00, 0.00, 0.00, 0.00, 0.00, 0.00, 0.00, 0.00, 0.00, 0.00, 0.00, 0.00),
	('2015', '4030101040408', 0.00, 0.00, 0.00, 0.00, 0.00, 0.00, 0.00, 0.00, 0.00, 0.00, 0.00, 0.00),
	('2015', '404', 0.00, 0.00, 0.00, 0.00, 0.00, 0.00, 0.00, 0.00, 0.00, 0.00, 0.00, 0.00),
	('2015', '40401', 0.00, 0.00, 0.00, 0.00, 0.00, 0.00, 0.00, 0.00, 0.00, 0.00, 0.00, 0.00),
	('2015', '40402', 0.00, 0.00, 0.00, 0.00, 0.00, 0.00, 0.00, 0.00, 0.00, 0.00, 0.00, 0.00),
	('2015', '40403', 0.00, 0.00, 0.00, 0.00, 0.00, 0.00, 0.00, 0.00, 0.00, 0.00, 0.00, 0.00),
	('2015', '40404', 0.00, 0.00, 0.00, 0.00, 0.00, 0.00, 0.00, 0.00, 0.00, 0.00, 0.00, 0.00),
	('2015', '40405', 0.00, 0.00, 0.00, 0.00, 0.00, 0.00, 0.00, 0.00, 0.00, 0.00, 0.00, 0.00),
	('2015', '40406', 0.00, 0.00, 0.00, 0.00, 0.00, 0.00, 0.00, 0.00, 0.00, 0.00, 0.00, 0.00),
	('2015', '40407', 0.00, 0.00, 0.00, 0.00, 0.00, 0.00, 0.00, 0.00, 0.00, 0.00, 0.00, 0.00),
	('2015', '40408', 0.00, 0.00, 0.00, 0.00, 0.00, 0.00, 0.00, 0.00, 0.00, 0.00, 0.00, 0.00),
	('2015', '5', 0.00, 0.00, 0.00, 0.00, 0.00, 0.00, 0.00, 0.00, 0.00, 0.00, 0.00, 0.00),
	('2015', '501', 0.00, 0.00, 0.00, 0.00, 0.00, 0.00, 0.00, 0.00, 0.00, 0.00, 0.00, 0.00),
	('2015', '50101', 0.00, 0.00, 0.00, 0.00, 0.00, 0.00, 0.00, 0.00, 0.00, 0.00, 0.00, 0.00),
	('2015', '5010101', 0.00, 0.00, 0.00, 0.00, 0.00, 0.00, 0.00, 0.00, 0.00, 0.00, 0.00, 0.00),
	('2015', '5010102', 0.00, 0.00, 0.00, 0.00, 0.00, 0.00, 0.00, 0.00, 0.00, 0.00, 0.00, 0.00),
	('2015', '50102', 0.00, 0.00, 0.00, 0.00, 0.00, 0.00, 0.00, 0.00, 0.00, 0.00, 0.00, 0.00),
	('2015', '5010201', 0.00, 0.00, 0.00, 0.00, 0.00, 0.00, 0.00, 0.00, 0.00, 0.00, 0.00, 0.00),
	('2015', '5010202', 0.00, 0.00, 0.00, 0.00, 0.00, 0.00, 0.00, 0.00, 0.00, 0.00, 0.00, 0.00),
	('2015', '50103', 0.00, 0.00, 0.00, 0.00, 0.00, 0.00, 0.00, 0.00, 0.00, 0.00, 0.00, 0.00),
	('2015', '50104', 0.00, 0.00, 0.00, 0.00, 0.00, 0.00, 0.00, 0.00, 0.00, 0.00, 0.00, 0.00),
	('2015', '5010401', 0.00, 0.00, 0.00, 0.00, 0.00, 0.00, 0.00, 0.00, 0.00, 0.00, 0.00, 0.00),
	('2015', '5010402', 0.00, 0.00, 0.00, 0.00, 0.00, 0.00, 0.00, 0.00, 0.00, 0.00, 0.00, 0.00),
	('2015', '50105', 0.00, 0.00, 0.00, 0.00, 0.00, 0.00, 0.00, 0.00, 0.00, 0.00, 0.00, 0.00),
	('2015', '50106', 0.00, 0.00, 0.00, 0.00, 0.00, 0.00, 0.00, 0.00, 0.00, 0.00, 0.00, 0.00),
	('2015', '502', 0.00, 0.00, 0.00, 0.00, 0.00, 0.00, 0.00, 0.00, 0.00, 0.00, 0.00, 0.00),
	('2015', '50201', 0.00, 0.00, 0.00, 0.00, 0.00, 0.00, 0.00, 0.00, 0.00, 0.00, 0.00, 0.00),
	('2015', '5020101', 0.00, 0.00, 0.00, 0.00, 0.00, 0.00, 0.00, 0.00, 0.00, 0.00, 0.00, 0.00),
	('2015', '5020102', 0.00, 0.00, 0.00, 0.00, 0.00, 0.00, 0.00, 0.00, 0.00, 0.00, 0.00, 0.00),
	('2015', '5020103', 0.00, 0.00, 0.00, 0.00, 0.00, 0.00, 0.00, 0.00, 0.00, 0.00, 0.00, 0.00),
	('2015', '5020104', 0.00, 0.00, 0.00, 0.00, 0.00, 0.00, 0.00, 0.00, 0.00, 0.00, 0.00, 0.00),
	('2015', '5020105', 0.00, 0.00, 0.00, 0.00, 0.00, 0.00, 0.00, 0.00, 0.00, 0.00, 0.00, 0.00),
	('2015', '5020106', 0.00, 0.00, 0.00, 0.00, 0.00, 0.00, 0.00, 0.00, 0.00, 0.00, 0.00, 0.00),
	('2015', '5020107', 0.00, 0.00, 0.00, 0.00, 0.00, 0.00, 0.00, 0.00, 0.00, 0.00, 0.00, 0.00),
	('2015', '5020108', 0.00, 0.00, 0.00, 0.00, 0.00, 0.00, 0.00, 0.00, 0.00, 0.00, 0.00, 0.00),
	('2015', '50202', 0.00, 0.00, 0.00, 0.00, 0.00, 0.00, 0.00, 0.00, 0.00, 0.00, 0.00, 0.00),
	('2015', '5020201', 0.00, 0.00, 0.00, 0.00, 0.00, 0.00, 0.00, 0.00, 0.00, 0.00, 0.00, 0.00),
	('2015', '5020202', 0.00, 0.00, 0.00, 0.00, 0.00, 0.00, 0.00, 0.00, 0.00, 0.00, 0.00, 0.00),
	('2015', '5020203', 0.00, 0.00, 0.00, 0.00, 0.00, 0.00, 0.00, 0.00, 0.00, 0.00, 0.00, 0.00),
	('2015', '5020204', 0.00, 0.00, 0.00, 0.00, 0.00, 0.00, 0.00, 0.00, 0.00, 0.00, 0.00, 0.00),
	('2015', '5020255', 0.00, 0.00, 0.00, 0.00, 0.00, 0.00, 0.00, 0.00, 0.00, 0.00, 0.00, 0.00),
	('2015', '50203', 0.00, 0.00, 0.00, 0.00, 0.00, 0.00, 0.00, 0.00, 0.00, 0.00, 0.00, 0.00),
	('2015', '5020301', 0.00, 0.00, 0.00, 0.00, 0.00, 0.00, 0.00, 0.00, 0.00, 0.00, 0.00, 0.00),
	('2015', '5020302', 0.00, 0.00, 0.00, 0.00, 0.00, 0.00, 0.00, 0.00, 0.00, 0.00, 0.00, 0.00),
	('2015', '5020303', 0.00, 0.00, 0.00, 0.00, 0.00, 0.00, 0.00, 0.00, 0.00, 0.00, 0.00, 0.00),
	('2015', '5020304', 0.00, 0.00, 0.00, 0.00, 0.00, 0.00, 0.00, 0.00, 0.00, 0.00, 0.00, 0.00),
	('2015', '50204', 0.00, 0.00, 0.00, 0.00, 0.00, 0.00, 0.00, 0.00, 0.00, 0.00, 0.00, 0.00),
	('2015', '5020401', 0.00, 0.00, 0.00, 0.00, 0.00, 0.00, 0.00, 0.00, 0.00, 0.00, 0.00, 0.00),
	('2015', '5020402', 0.00, 0.00, 0.00, 0.00, 0.00, 0.00, 0.00, 0.00, 0.00, 0.00, 0.00, 0.00),
	('2015', '5020403', 0.00, 0.00, 0.00, 0.00, 0.00, 0.00, 0.00, 0.00, 0.00, 0.00, 0.00, 0.00),
	('2015', '5020404', 0.00, 0.00, 0.00, 0.00, 0.00, 0.00, 0.00, 0.00, 0.00, 0.00, 0.00, 0.00),
	('2015', '5020405', 0.00, 0.00, 0.00, 0.00, 0.00, 0.00, 0.00, 0.00, 0.00, 0.00, 0.00, 0.00),
	('2015', '5020406', 0.00, 0.00, 0.00, 0.00, 0.00, 0.00, 0.00, 0.00, 0.00, 0.00, 0.00, 0.00),
	('2015', '50205', 0.00, 0.00, 0.00, 0.00, 0.00, 0.00, 0.00, 0.00, 0.00, 0.00, 0.00, 0.00),
	('2015', '50206', 0.00, 0.00, 0.00, 0.00, 0.00, 0.00, 0.00, 0.00, 0.00, 0.00, 0.00, 0.00),
	('2015', '50207', 0.00, 0.00, 0.00, 0.00, 0.00, 0.00, 0.00, 0.00, 0.00, 0.00, 0.00, 0.00),
	('2015', '50208', 0.00, 0.00, 0.00, 0.00, 0.00, 0.00, 0.00, 0.00, 0.00, 0.00, 0.00, 0.00),
	('2015', '50209', 0.00, 0.00, 0.00, 0.00, 0.00, 0.00, 0.00, 0.00, 0.00, 0.00, 0.00, 0.00),
	('2015', '5020901', 0.00, 0.00, 0.00, 0.00, 0.00, 0.00, 0.00, 0.00, 0.00, 0.00, 0.00, 0.00),
	('2015', '5020902', 0.00, 0.00, 0.00, 0.00, 0.00, 0.00, 0.00, 0.00, 0.00, 0.00, 0.00, 0.00),
	('2015', '5020903', 0.00, 0.00, 0.00, 0.00, 0.00, 0.00, 0.00, 0.00, 0.00, 0.00, 0.00, 0.00),
	('2015', '5020904', 0.00, 0.00, 0.00, 0.00, 0.00, 0.00, 0.00, 0.00, 0.00, 0.00, 0.00, 0.00),
	('2015', '50210', 0.00, 0.00, 0.00, 0.00, 0.00, 0.00, 0.00, 0.00, 0.00, 0.00, 0.00, 0.00),
	('2015', '5021001', 0.00, 0.00, 0.00, 0.00, 0.00, 0.00, 0.00, 0.00, 0.00, 0.00, 0.00, 0.00),
	('2015', '5021002', 0.00, 0.00, 0.00, 0.00, 0.00, 0.00, 0.00, 0.00, 0.00, 0.00, 0.00, 0.00),
	('2015', '5021003', 0.00, 0.00, 0.00, 0.00, 0.00, 0.00, 0.00, 0.00, 0.00, 0.00, 0.00, 0.00),
	('2015', '50211', 0.00, 0.00, 0.00, 0.00, 0.00, 0.00, 0.00, 0.00, 0.00, 0.00, 0.00, 0.00),
	('2015', '50212', 0.00, 0.00, 0.00, 0.00, 0.00, 0.00, 0.00, 0.00, 0.00, 0.00, 0.00, 0.00),
	('2015', '50213', 0.00, 0.00, 0.00, 0.00, 0.00, 0.00, 0.00, 0.00, 0.00, 0.00, 0.00, 0.00),
	('2015', '50214', 0.00, 0.00, 0.00, 0.00, 0.00, 0.00, 0.00, 0.00, 0.00, 0.00, 0.00, 0.00),
	('2015', '50215', 0.00, 0.00, 0.00, 0.00, 0.00, 0.00, 0.00, 0.00, 0.00, 0.00, 0.00, 0.00),
	('2015', '50216', 0.00, 0.00, 0.00, 0.00, 0.00, 0.00, 0.00, 0.00, 0.00, 0.00, 0.00, 0.00),
	('2015', '50217', 0.00, 0.00, 0.00, 0.00, 0.00, 0.00, 0.00, 0.00, 0.00, 0.00, 0.00, 0.00),
	('2015', '5021701', 0.00, 0.00, 0.00, 0.00, 0.00, 0.00, 0.00, 0.00, 0.00, 0.00, 0.00, 0.00),
	('2015', '5021702', 0.00, 0.00, 0.00, 0.00, 0.00, 0.00, 0.00, 0.00, 0.00, 0.00, 0.00, 0.00),
	('2015', '502170201', 0.00, 0.00, 0.00, 0.00, 0.00, 0.00, 0.00, 0.00, 0.00, 0.00, 0.00, 0.00),
	('2015', '502170202', 0.00, 0.00, 0.00, 0.00, 0.00, 0.00, 0.00, 0.00, 0.00, 0.00, 0.00, 0.00),
	('2015', '502170203', 0.00, 0.00, 0.00, 0.00, 0.00, 0.00, 0.00, 0.00, 0.00, 0.00, 0.00, 0.00),
	('2015', '502170204', 0.00, 0.00, 0.00, 0.00, 0.00, 0.00, 0.00, 0.00, 0.00, 0.00, 0.00, 0.00),
	('2015', '502170205', 0.00, 0.00, 0.00, 0.00, 0.00, 0.00, 0.00, 0.00, 0.00, 0.00, 0.00, 0.00),
	('2015', '502170206', 0.00, 0.00, 0.00, 0.00, 0.00, 0.00, 0.00, 0.00, 0.00, 0.00, 0.00, 0.00),
	('2015', '502170207', 0.00, 0.00, 0.00, 0.00, 0.00, 0.00, 0.00, 0.00, 0.00, 0.00, 0.00, 0.00),
	('2015', '5021703', 0.00, 0.00, 0.00, 0.00, 0.00, 0.00, 0.00, 0.00, 0.00, 0.00, 0.00, 0.00),
	('2015', '502170301', 0.00, 0.00, 0.00, 0.00, 0.00, 0.00, 0.00, 0.00, 0.00, 0.00, 0.00, 0.00),
	('2015', '502170302', 0.00, 0.00, 0.00, 0.00, 0.00, 0.00, 0.00, 0.00, 0.00, 0.00, 0.00, 0.00),
	('2015', '502170303', 0.00, 0.00, 0.00, 0.00, 0.00, 0.00, 0.00, 0.00, 0.00, 0.00, 0.00, 0.00),
	('2015', '5021704', 0.00, 0.00, 0.00, 0.00, 0.00, 0.00, 0.00, 0.00, 0.00, 0.00, 0.00, 0.00),
	('2015', '503', 0.00, 0.00, 0.00, 0.00, 0.00, 0.00, 0.00, 0.00, 0.00, 0.00, 0.00, 0.00),
	('2015', '50301', 0.00, 0.00, 0.00, 0.00, 0.00, 0.00, 0.00, 0.00, 0.00, 0.00, 0.00, 0.00),
	('2015', '5030101', 0.00, 0.00, 0.00, 0.00, 0.00, 0.00, 0.00, 0.00, 0.00, 0.00, 0.00, 0.00),
	('2015', '503010101', 0.00, 0.00, 0.00, 0.00, 0.00, 0.00, 0.00, 0.00, 0.00, 0.00, 0.00, 0.00),
	('2015', '503010102', 0.00, 0.00, 0.00, 0.00, 0.00, 0.00, 0.00, 0.00, 0.00, 0.00, 0.00, 0.00),
	('2015', '5030102', 0.00, 0.00, 0.00, 0.00, 0.00, 0.00, 0.00, 0.00, 0.00, 0.00, 0.00, 0.00),
	('2015', '503010201', 0.00, 0.00, 0.00, 0.00, 0.00, 0.00, 0.00, 0.00, 0.00, 0.00, 0.00, 0.00),
	('2015', '503010202', 0.00, 0.00, 0.00, 0.00, 0.00, 0.00, 0.00, 0.00, 0.00, 0.00, 0.00, 0.00),
	('2015', '5030103', 0.00, 0.00, 0.00, 0.00, 0.00, 0.00, 0.00, 0.00, 0.00, 0.00, 0.00, 0.00),
	('2015', '5030104', 0.00, 0.00, 0.00, 0.00, 0.00, 0.00, 0.00, 0.00, 0.00, 0.00, 0.00, 0.00),
	('2015', '5030105', 0.00, 0.00, 0.00, 0.00, 0.00, 0.00, 0.00, 0.00, 0.00, 0.00, 0.00, 0.00),
	('2015', '5030106', 0.00, 0.00, 0.00, 0.00, 0.00, 0.00, 0.00, 0.00, 0.00, 0.00, 0.00, 0.00),
	('2015', '5030107', 0.00, 0.00, 0.00, 0.00, 0.00, 0.00, 0.00, 0.00, 0.00, 0.00, 0.00, 0.00),
	('2015', '50302', 0.00, 0.00, 0.00, 0.00, 0.00, 0.00, 0.00, 0.00, 0.00, 0.00, 0.00, 0.00),
	('2015', '5030201', 0.00, 0.00, 0.00, 0.00, 0.00, 0.00, 0.00, 0.00, 0.00, 0.00, 0.00, 0.00),
	('2015', '5030202', 0.00, 0.00, 0.00, 0.00, 0.00, 0.00, 0.00, 0.00, 0.00, 0.00, 0.00, 0.00),
	('2015', '5030203', 0.00, 0.00, 0.00, 0.00, 0.00, 0.00, 0.00, 0.00, 0.00, 0.00, 0.00, 0.00),
	('2015', '5030204', 0.00, 0.00, 0.00, 0.00, 0.00, 0.00, 0.00, 0.00, 0.00, 0.00, 0.00, 0.00),
	('2015', '5030205', 0.00, 0.00, 0.00, 0.00, 0.00, 0.00, 0.00, 0.00, 0.00, 0.00, 0.00, 0.00),
	('2015', '503020501', 0.00, 0.00, 0.00, 0.00, 0.00, 0.00, 0.00, 0.00, 0.00, 0.00, 0.00, 0.00),
	('2015', '503020502', 0.00, 0.00, 0.00, 0.00, 0.00, 0.00, 0.00, 0.00, 0.00, 0.00, 0.00, 0.00),
	('2015', '503020503', 0.00, 0.00, 0.00, 0.00, 0.00, 0.00, 0.00, 0.00, 0.00, 0.00, 0.00, 0.00),
	('2015', '503020504', 0.00, 0.00, 0.00, 0.00, 0.00, 0.00, 0.00, 0.00, 0.00, 0.00, 0.00, 0.00),
	('2015', '503020505', 0.00, 0.00, 0.00, 0.00, 0.00, 0.00, 0.00, 0.00, 0.00, 0.00, 0.00, 0.00),
	('2015', '50303', 0.00, 0.00, 0.00, 0.00, 0.00, 0.00, 0.00, 0.00, 0.00, 0.00, 0.00, 0.00),
	('2015', '50304', 0.00, 0.00, 0.00, 0.00, 0.00, 0.00, 0.00, 0.00, 0.00, 0.00, 0.00, 0.00),
	('2015', '5030401', 0.00, 0.00, 0.00, 0.00, 0.00, 0.00, 0.00, 0.00, 0.00, 0.00, 0.00, 0.00),
	('2015', '5030402', 0.00, 0.00, 0.00, 0.00, 0.00, 0.00, 0.00, 0.00, 0.00, 0.00, 0.00, 0.00),
	('2015', '5030403', 0.00, 0.00, 0.00, 0.00, 0.00, 0.00, 0.00, 0.00, 0.00, 0.00, 0.00, 0.00),
	('2015', '5030404', 0.00, 0.00, 0.00, 0.00, 0.00, 0.00, 0.00, 0.00, 0.00, 0.00, 0.00, 0.00),
	('2015', '5030405', 0.00, 0.00, 0.00, 0.00, 0.00, 0.00, 0.00, 0.00, 0.00, 0.00, 0.00, 0.00),
	('2015', '50305', 0.00, 0.00, 0.00, 0.00, 0.00, 0.00, 0.00, 0.00, 0.00, 0.00, 0.00, 0.00),
	('2015', '5030501', 0.00, 0.00, 0.00, 0.00, 0.00, 0.00, 0.00, 0.00, 0.00, 0.00, 0.00, 0.00),
	('2015', '5030502', 0.00, 0.00, 0.00, 0.00, 0.00, 0.00, 0.00, 0.00, 0.00, 0.00, 0.00, 0.00),
	('2015', '5030503', 0.00, 0.00, 0.00, 0.00, 0.00, 0.00, 0.00, 0.00, 0.00, 0.00, 0.00, 0.00),
	('2015', '5030504', 0.00, 0.00, 0.00, 0.00, 0.00, 0.00, 0.00, 0.00, 0.00, 0.00, 0.00, 0.00),
	('2015', '50306', 0.00, 0.00, 0.00, 0.00, 0.00, 0.00, 0.00, 0.00, 0.00, 0.00, 0.00, 0.00),
	('2015', '5030601', 0.00, 0.00, 0.00, 0.00, 0.00, 0.00, 0.00, 0.00, 0.00, 0.00, 0.00, 0.00),
	('2015', '5030602', 0.00, 0.00, 0.00, 0.00, 0.00, 0.00, 0.00, 0.00, 0.00, 0.00, 0.00, 0.00),
	('2015', '5030603', 0.00, 0.00, 0.00, 0.00, 0.00, 0.00, 0.00, 0.00, 0.00, 0.00, 0.00, 0.00),
	('2015', '5030604', 0.00, 0.00, 0.00, 0.00, 0.00, 0.00, 0.00, 0.00, 0.00, 0.00, 0.00, 0.00),
	('2015', '5030605', 0.00, 0.00, 0.00, 0.00, 0.00, 0.00, 0.00, 0.00, 0.00, 0.00, 0.00, 0.00),
	('2015', '5030606', 0.00, 0.00, 0.00, 0.00, 0.00, 0.00, 0.00, 0.00, 0.00, 0.00, 0.00, 0.00),
	('2015', '50307', 0.00, 0.00, 0.00, 0.00, 0.00, 0.00, 0.00, 0.00, 0.00, 0.00, 0.00, 0.00),
	('2015', '50308', 0.00, 0.00, 0.00, 0.00, 0.00, 0.00, 0.00, 0.00, 0.00, 0.00, 0.00, 0.00),
	('2015', '50309', 0.00, 0.00, 0.00, 0.00, 0.00, 0.00, 0.00, 0.00, 0.00, 0.00, 0.00, 0.00),
	('2015', '50310', 0.00, 0.00, 0.00, 0.00, 0.00, 0.00, 0.00, 0.00, 0.00, 0.00, 0.00, 0.00),
	('2015', '50311', 0.00, 0.00, 0.00, 0.00, 0.00, 0.00, 0.00, 0.00, 0.00, 0.00, 0.00, 0.00),
	('2015', '5031101', 0.00, 0.00, 0.00, 0.00, 0.00, 0.00, 0.00, 0.00, 0.00, 0.00, 0.00, 0.00),
	('2015', '5031102', 0.00, 0.00, 0.00, 0.00, 0.00, 0.00, 0.00, 0.00, 0.00, 0.00, 0.00, 0.00),
	('2015', '5031103', 0.00, 0.00, 0.00, 0.00, 0.00, 0.00, 0.00, 0.00, 0.00, 0.00, 0.00, 0.00),
	('2015', '5031104', 0.00, 0.00, 0.00, 0.00, 0.00, 0.00, 0.00, 0.00, 0.00, 0.00, 0.00, 0.00),
	('2015', '50312', 0.00, 0.00, 0.00, 0.00, 0.00, 0.00, 0.00, 0.00, 0.00, 0.00, 0.00, 0.00),
	('2015', '5031201', 0.00, 0.00, 0.00, 0.00, 0.00, 0.00, 0.00, 0.00, 0.00, 0.00, 0.00, 0.00),
	('2015', '5031202', 0.00, 0.00, 0.00, 0.00, 0.00, 0.00, 0.00, 0.00, 0.00, 0.00, 0.00, 0.00),
	('2015', '5031203', 0.00, 0.00, 0.00, 0.00, 0.00, 0.00, 0.00, 0.00, 0.00, 0.00, 0.00, 0.00),
	('2015', '50313', 0.00, 0.00, 0.00, 0.00, 0.00, 0.00, 0.00, 0.00, 0.00, 0.00, 0.00, 0.00),
	('2015', '50314', 0.00, 0.00, 0.00, 0.00, 0.00, 0.00, 0.00, 0.00, 0.00, 0.00, 0.00, 0.00),
	('2015', '50315', 0.00, 0.00, 0.00, 0.00, 0.00, 0.00, 0.00, 0.00, 0.00, 0.00, 0.00, 0.00),
	('2015', '50316', 0.00, 0.00, 0.00, 0.00, 0.00, 0.00, 0.00, 0.00, 0.00, 0.00, 0.00, 0.00),
	('2015', '50317', 0.00, 0.00, 0.00, 0.00, 0.00, 0.00, 0.00, 0.00, 0.00, 0.00, 0.00, 0.00),
	('2015', '50318', 0.00, 0.00, 0.00, 0.00, 0.00, 0.00, 0.00, 0.00, 0.00, 0.00, 0.00, 0.00),
	('2015', '50319', 0.00, 0.00, 0.00, 0.00, 0.00, 0.00, 0.00, 0.00, 0.00, 0.00, 0.00, 0.00),
	('2015', '50320', 0.00, 0.00, 0.00, 0.00, 0.00, 0.00, 0.00, 0.00, 0.00, 0.00, 0.00, 0.00),
	('2015', '5032001', 0.00, 0.00, 0.00, 0.00, 0.00, 0.00, 0.00, 0.00, 0.00, 0.00, 0.00, 0.00),
	('2015', '5032002', 0.00, 0.00, 0.00, 0.00, 0.00, 0.00, 0.00, 0.00, 0.00, 0.00, 0.00, 0.00),
	('2015', '503200201', 0.00, 0.00, 0.00, 0.00, 0.00, 0.00, 0.00, 0.00, 0.00, 0.00, 0.00, 0.00),
	('2015', '503200202', 0.00, 0.00, 0.00, 0.00, 0.00, 0.00, 0.00, 0.00, 0.00, 0.00, 0.00, 0.00),
	('2015', '503200203', 0.00, 0.00, 0.00, 0.00, 0.00, 0.00, 0.00, 0.00, 0.00, 0.00, 0.00, 0.00),
	('2015', '503200204', 0.00, 0.00, 0.00, 0.00, 0.00, 0.00, 0.00, 0.00, 0.00, 0.00, 0.00, 0.00),
	('2015', '503200205', 0.00, 0.00, 0.00, 0.00, 0.00, 0.00, 0.00, 0.00, 0.00, 0.00, 0.00, 0.00),
	('2015', '503200206', 0.00, 0.00, 0.00, 0.00, 0.00, 0.00, 0.00, 0.00, 0.00, 0.00, 0.00, 0.00),
	('2015', '503200207', 0.00, 0.00, 0.00, 0.00, 0.00, 0.00, 0.00, 0.00, 0.00, 0.00, 0.00, 0.00),
	('2015', '5032003', 0.00, 0.00, 0.00, 0.00, 0.00, 0.00, 0.00, 0.00, 0.00, 0.00, 0.00, 0.00),
	('2015', '503200301', 0.00, 0.00, 0.00, 0.00, 0.00, 0.00, 0.00, 0.00, 0.00, 0.00, 0.00, 0.00),
	('2015', '503200302', 0.00, 0.00, 0.00, 0.00, 0.00, 0.00, 0.00, 0.00, 0.00, 0.00, 0.00, 0.00),
	('2015', '503200303', 0.00, 0.00, 0.00, 0.00, 0.00, 0.00, 0.00, 0.00, 0.00, 0.00, 0.00, 0.00),
	('2015', '50321', 0.00, 0.00, 0.00, 0.00, 0.00, 0.00, 0.00, 0.00, 0.00, 0.00, 0.00, 0.00),
	('2015', '504', 0.00, 0.00, 0.00, 0.00, 0.00, 0.00, 0.00, 0.00, 0.00, 0.00, 0.00, 0.00),
	('2015', '50401', 0.00, 0.00, 0.00, 0.00, 0.00, 0.00, 0.00, 0.00, 0.00, 0.00, 0.00, 0.00),
	('2015', '5040101', 0.00, 0.00, 0.00, 0.00, 0.00, 0.00, 0.00, 0.00, 0.00, 0.00, 0.00, 0.00),
	('2015', '504010101', 0.00, 0.00, 0.00, 0.00, 0.00, 0.00, 0.00, 0.00, 0.00, 0.00, 0.00, 0.00),
	('2015', '504010102', 0.00, 0.00, 0.00, 0.00, 0.00, 0.00, 0.00, 0.00, 0.00, 0.00, 0.00, 0.00),
	('2015', '5040102', 0.00, 0.00, 0.00, 0.00, 0.00, 0.00, 0.00, 0.00, 0.00, 0.00, 0.00, 0.00),
	('2015', '504010201', 0.00, 0.00, 0.00, 0.00, 0.00, 0.00, 0.00, 0.00, 0.00, 0.00, 0.00, 0.00),
	('2015', '504010202', 0.00, 0.00, 0.00, 0.00, 0.00, 0.00, 0.00, 0.00, 0.00, 0.00, 0.00, 0.00),
	('2015', '5040103', 0.00, 0.00, 0.00, 0.00, 0.00, 0.00, 0.00, 0.00, 0.00, 0.00, 0.00, 0.00),
	('2015', '5040104', 0.00, 0.00, 0.00, 0.00, 0.00, 0.00, 0.00, 0.00, 0.00, 0.00, 0.00, 0.00),
	('2015', '504010401', 0.00, 0.00, 0.00, 0.00, 0.00, 0.00, 0.00, 0.00, 0.00, 0.00, 0.00, 0.00),
	('2015', '504010402', 0.00, 0.00, 0.00, 0.00, 0.00, 0.00, 0.00, 0.00, 0.00, 0.00, 0.00, 0.00),
	('2015', '5040105', 0.00, 0.00, 0.00, 0.00, 0.00, 0.00, 0.00, 0.00, 0.00, 0.00, 0.00, 0.00),
	('2015', '5040106', 0.00, 0.00, 0.00, 0.00, 0.00, 0.00, 0.00, 0.00, 0.00, 0.00, 0.00, 0.00),
	('2015', '5040107', 0.00, 0.00, 0.00, 0.00, 0.00, 0.00, 0.00, 0.00, 0.00, 0.00, 0.00, 0.00),
	('2015', '50402', 0.00, 0.00, 0.00, 0.00, 0.00, 0.00, 0.00, 0.00, 0.00, 0.00, 0.00, 0.00),
	('2015', '5040201', 0.00, 0.00, 0.00, 0.00, 0.00, 0.00, 0.00, 0.00, 0.00, 0.00, 0.00, 0.00),
	('2015', '5040202', 0.00, 0.00, 0.00, 0.00, 0.00, 0.00, 0.00, 0.00, 0.00, 0.00, 0.00, 0.00),
	('2015', '5040203', 0.00, 0.00, 0.00, 0.00, 0.00, 0.00, 0.00, 0.00, 0.00, 0.00, 0.00, 0.00),
	('2015', '5040204', 0.00, 0.00, 0.00, 0.00, 0.00, 0.00, 0.00, 0.00, 0.00, 0.00, 0.00, 0.00),
	('2015', '5040205', 0.00, 0.00, 0.00, 0.00, 0.00, 0.00, 0.00, 0.00, 0.00, 0.00, 0.00, 0.00),
	('2015', '5040206', 0.00, 0.00, 0.00, 0.00, 0.00, 0.00, 0.00, 0.00, 0.00, 0.00, 0.00, 0.00),
	('2015', '5040207', 0.00, 0.00, 0.00, 0.00, 0.00, 0.00, 0.00, 0.00, 0.00, 0.00, 0.00, 0.00),
	('2015', '5040208', 0.00, 0.00, 0.00, 0.00, 0.00, 0.00, 0.00, 0.00, 0.00, 0.00, 0.00, 0.00),
	('2015', '50403', 0.00, 0.00, 0.00, 0.00, 0.00, 0.00, 0.00, 0.00, 0.00, 0.00, 0.00, 0.00),
	('2015', '5040301', 0.00, 0.00, 0.00, 0.00, 0.00, 0.00, 0.00, 0.00, 0.00, 0.00, 0.00, 0.00),
	('2015', '5040302', 0.00, 0.00, 0.00, 0.00, 0.00, 0.00, 0.00, 0.00, 0.00, 0.00, 0.00, 0.00),
	('2015', '5040303', 0.00, 0.00, 0.00, 0.00, 0.00, 0.00, 0.00, 0.00, 0.00, 0.00, 0.00, 0.00),
	('2015', '5040304', 0.00, 0.00, 0.00, 0.00, 0.00, 0.00, 0.00, 0.00, 0.00, 0.00, 0.00, 0.00),
	('2015', '5040305', 0.00, 0.00, 0.00, 0.00, 0.00, 0.00, 0.00, 0.00, 0.00, 0.00, 0.00, 0.00),
	('2015', '50404', 0.00, 0.00, 0.00, 0.00, 0.00, 0.00, 0.00, 0.00, 0.00, 0.00, 0.00, 0.00),
	('2015', '5040401', 0.00, 0.00, 0.00, 0.00, 0.00, 0.00, 0.00, 0.00, 0.00, 0.00, 0.00, 0.00),
	('2015', '5040402', 0.00, 0.00, 0.00, 0.00, 0.00, 0.00, 0.00, 0.00, 0.00, 0.00, 0.00, 0.00),
	('2015', '5040403', 0.00, 0.00, 0.00, 0.00, 0.00, 0.00, 0.00, 0.00, 0.00, 0.00, 0.00, 0.00),
	('2015', '5040404', 0.00, 0.00, 0.00, 0.00, 0.00, 0.00, 0.00, 0.00, 0.00, 0.00, 0.00, 0.00),
	('2015', '50405', 0.00, 0.00, 0.00, 0.00, 0.00, 0.00, 0.00, 0.00, 0.00, 0.00, 0.00, 0.00),
	('2015', '5040501', 0.00, 0.00, 0.00, 0.00, 0.00, 0.00, 0.00, 0.00, 0.00, 0.00, 0.00, 0.00),
	('2015', '5040502', 0.00, 0.00, 0.00, 0.00, 0.00, 0.00, 0.00, 0.00, 0.00, 0.00, 0.00, 0.00),
	('2015', '5040503', 0.00, 0.00, 0.00, 0.00, 0.00, 0.00, 0.00, 0.00, 0.00, 0.00, 0.00, 0.00),
	('2015', '5040504', 0.00, 0.00, 0.00, 0.00, 0.00, 0.00, 0.00, 0.00, 0.00, 0.00, 0.00, 0.00),
	('2015', '5040505', 0.00, 0.00, 0.00, 0.00, 0.00, 0.00, 0.00, 0.00, 0.00, 0.00, 0.00, 0.00),
	('2015', '5040506', 0.00, 0.00, 0.00, 0.00, 0.00, 0.00, 0.00, 0.00, 0.00, 0.00, 0.00, 0.00),
	('2015', '50406', 0.00, 0.00, 0.00, 0.00, 0.00, 0.00, 0.00, 0.00, 0.00, 0.00, 0.00, 0.00),
	('2015', '50407', 0.00, 0.00, 0.00, 0.00, 0.00, 0.00, 0.00, 0.00, 0.00, 0.00, 0.00, 0.00),
	('2015', '50408', 0.00, 0.00, 0.00, 0.00, 0.00, 0.00, 0.00, 0.00, 0.00, 0.00, 0.00, 0.00),
	('2015', '50409', 0.00, 0.00, 0.00, 0.00, 0.00, 0.00, 0.00, 0.00, 0.00, 0.00, 0.00, 0.00),
	('2015', '50410', 0.00, 0.00, 0.00, 0.00, 0.00, 0.00, 0.00, 0.00, 0.00, 0.00, 0.00, 0.00),
	('2015', '5041001', 0.00, 0.00, 0.00, 0.00, 0.00, 0.00, 0.00, 0.00, 0.00, 0.00, 0.00, 0.00),
	('2015', '5041002', 0.00, 0.00, 0.00, 0.00, 0.00, 0.00, 0.00, 0.00, 0.00, 0.00, 0.00, 0.00),
	('2015', '5041003', 0.00, 0.00, 0.00, 0.00, 0.00, 0.00, 0.00, 0.00, 0.00, 0.00, 0.00, 0.00),
	('2015', '5041004', 0.00, 0.00, 0.00, 0.00, 0.00, 0.00, 0.00, 0.00, 0.00, 0.00, 0.00, 0.00),
	('2015', '50411', 0.00, 0.00, 0.00, 0.00, 0.00, 0.00, 0.00, 0.00, 0.00, 0.00, 0.00, 0.00),
	('2015', '5041101', 0.00, 0.00, 0.00, 0.00, 0.00, 0.00, 0.00, 0.00, 0.00, 0.00, 0.00, 0.00),
	('2015', '5041102', 0.00, 0.00, 0.00, 0.00, 0.00, 0.00, 0.00, 0.00, 0.00, 0.00, 0.00, 0.00),
	('2015', '5041103', 0.00, 0.00, 0.00, 0.00, 0.00, 0.00, 0.00, 0.00, 0.00, 0.00, 0.00, 0.00),
	('2015', '50412', 0.00, 0.00, 0.00, 0.00, 0.00, 0.00, 0.00, 0.00, 0.00, 0.00, 0.00, 0.00),
	('2015', '50413', 0.00, 0.00, 0.00, 0.00, 0.00, 0.00, 0.00, 0.00, 0.00, 0.00, 0.00, 0.00),
	('2015', '50414', 0.00, 0.00, 0.00, 0.00, 0.00, 0.00, 0.00, 0.00, 0.00, 0.00, 0.00, 0.00),
	('2015', '50415', 0.00, 0.00, 0.00, 0.00, 0.00, 0.00, 0.00, 0.00, 0.00, 0.00, 0.00, 0.00),
	('2015', '50416', 0.00, 0.00, 0.00, 0.00, 0.00, 0.00, 0.00, 0.00, 0.00, 0.00, 0.00, 0.00),
	('2015', '50417', 0.00, 0.00, 0.00, 0.00, 0.00, 0.00, 0.00, 0.00, 0.00, 0.00, 0.00, 0.00),
	('2015', '50418', 0.00, 0.00, 0.00, 0.00, 0.00, 0.00, 0.00, 0.00, 0.00, 0.00, 0.00, 0.00),
	('2015', '5041801', 0.00, 0.00, 0.00, 0.00, 0.00, 0.00, 0.00, 0.00, 0.00, 0.00, 0.00, 0.00),
	('2015', '5041802', 0.00, 0.00, 0.00, 0.00, 0.00, 0.00, 0.00, 0.00, 0.00, 0.00, 0.00, 0.00),
	('2015', '504180201', 0.00, 0.00, 0.00, 0.00, 0.00, 0.00, 0.00, 0.00, 0.00, 0.00, 0.00, 0.00),
	('2015', '504180202', 0.00, 0.00, 0.00, 0.00, 0.00, 0.00, 0.00, 0.00, 0.00, 0.00, 0.00, 0.00),
	('2015', '504180203', 0.00, 0.00, 0.00, 0.00, 0.00, 0.00, 0.00, 0.00, 0.00, 0.00, 0.00, 0.00),
	('2015', '504180204', 0.00, 0.00, 0.00, 0.00, 0.00, 0.00, 0.00, 0.00, 0.00, 0.00, 0.00, 0.00),
	('2015', '504180205', 0.00, 0.00, 0.00, 0.00, 0.00, 0.00, 0.00, 0.00, 0.00, 0.00, 0.00, 0.00),
	('2015', '504180206', 0.00, 0.00, 0.00, 0.00, 0.00, 0.00, 0.00, 0.00, 0.00, 0.00, 0.00, 0.00),
	('2015', '504180207', 0.00, 0.00, 0.00, 0.00, 0.00, 0.00, 0.00, 0.00, 0.00, 0.00, 0.00, 0.00),
	('2015', '5041803', 0.00, 0.00, 0.00, 0.00, 0.00, 0.00, 0.00, 0.00, 0.00, 0.00, 0.00, 0.00),
	('2015', '504180301', 0.00, 0.00, 0.00, 0.00, 0.00, 0.00, 0.00, 0.00, 0.00, 0.00, 0.00, 0.00),
	('2015', '504180302', 0.00, 0.00, 0.00, 0.00, 0.00, 0.00, 0.00, 0.00, 0.00, 0.00, 0.00, 0.00),
	('2015', '504180303', 0.00, 0.00, 0.00, 0.00, 0.00, 0.00, 0.00, 0.00, 0.00, 0.00, 0.00, 0.00),
	('2015', '50419', 0.00, 0.00, 0.00, 0.00, 0.00, 0.00, 0.00, 0.00, 0.00, 0.00, 0.00, 0.00),
	('2015', '5041901', 0.00, 0.00, 0.00, 0.00, 0.00, 0.00, 0.00, 0.00, 0.00, 0.00, 0.00, 0.00),
	('2015', '5041902', 0.00, 0.00, 0.00, 0.00, 0.00, 0.00, 0.00, 0.00, 0.00, 0.00, 0.00, 0.00),
	('2015', '5041903', 0.00, 0.00, 0.00, 0.00, 0.00, 0.00, 0.00, 0.00, 0.00, 0.00, 0.00, 0.00),
	('2015', '505', 0.00, 0.00, 0.00, 0.00, 0.00, 0.00, 0.00, 0.00, 0.00, 0.00, 0.00, 0.00),
	('2015', '50501', 0.00, 0.00, 0.00, 0.00, 0.00, 0.00, 0.00, 0.00, 0.00, 0.00, 0.00, 0.00),
	('2015', '50502', 0.00, 0.00, 0.00, 0.00, 0.00, 0.00, 0.00, 0.00, 0.00, 0.00, 0.00, 0.00),
	('2015', '50503', 0.00, 0.00, 0.00, 0.00, 0.00, 0.00, 0.00, 0.00, 0.00, 0.00, 0.00, 0.00),
	('2015', '50504', 0.00, 0.00, 0.00, 0.00, 0.00, 0.00, 0.00, 0.00, 0.00, 0.00, 0.00, 0.00),
	('2015', '50505', 0.00, 0.00, 0.00, 0.00, 0.00, 0.00, 0.00, 0.00, 0.00, 0.00, 0.00, 0.00),
	('2015', '50506', 0.00, 0.00, 0.00, 0.00, 0.00, 0.00, 0.00, 0.00, 0.00, 0.00, 0.00, 0.00),
	('2015', '50507', 0.00, 0.00, 0.00, 0.00, 0.00, 0.00, 0.00, 0.00, 0.00, 0.00, 0.00, 0.00),
	('2015', '50508', 0.00, 0.00, 0.00, 0.00, 0.00, 0.00, 0.00, 0.00, 0.00, 0.00, 0.00, 0.00),
	('2015', '6', 0.00, 0.00, 0.00, 0.00, 0.00, 0.00, 0.00, 0.00, 0.00, 0.00, 0.00, 0.00),
	('2015', '601', 0.00, 0.00, 0.00, 0.00, 0.00, 0.00, 0.00, 0.00, 0.00, 0.00, 0.00, 0.00),
	('2015', '602', 0.00, 0.00, 0.00, 0.00, 0.00, 0.00, 0.00, 0.00, 0.00, 0.00, 0.00, 0.00),
	('2015', '603', 0.00, 0.00, 0.00, 0.00, 0.00, 0.00, 0.00, 0.00, 0.00, 0.00, 0.00, 0.00);
/*!40000 ALTER TABLE `budget_perkiraan` ENABLE KEYS */;


-- Dumping structure for table tatamasa.master_advance
CREATE TABLE IF NOT EXISTS `master_advance` (
  `id_advance` char(6) NOT NULL,
  `id_kyw` char(6) NOT NULL,
  `jml_uang` decimal(15,2) NOT NULL default '0.00',
  `tgl_trans` date NOT NULL default '0000-00-00',
  `tgl_jt` date NOT NULL default '0000-00-00',
  `pay_to` char(50) NOT NULL default '''''',
  `nama_akun_bank` char(50) NOT NULL default '''''',
  `no_akun_bank` char(25) NOT NULL default '''''',
  `nama_bank` char(50) NOT NULL default '''''',
  `keterangan` char(200) NOT NULL default '''''',
  `dok_po` tinyint(1) NOT NULL default '0' COMMENT 'flag dokumen PO',
  `dok_sp` tinyint(1) NOT NULL default '0' COMMENT 'flag dokumen Surat Penawaran',
  `dok_ssp` tinyint(1) NOT NULL default '0' COMMENT 'flag dokumen surat perjanjian kontrak',
  `dok_sspk` tinyint(1) NOT NULL default '0' COMMENT 'flag dokumen sesuai perintah kerja',
  `dok_sbj` tinyint(1) NOT NULL default '0' COMMENT 'flag dokumen surat Jaminan',
  `app_keuangan_id` int(6) NOT NULL default '0' COMMENT 'simpan idUser sistem',
  `app_hd_id` int(6) NOT NULL default '0',
  `app_gm_id` int(6) NOT NULL default '0',
  `app_keuangan_status` tinyint(1) NOT NULL default '0' COMMENT 'paid, approve, reject',
  `app_hd_status` tinyint(1) NOT NULL default '0',
  `app_gm_status` tinyint(1) NOT NULL default '0',
  `app_keuangan_tgl` date NOT NULL default '0000-00-00' COMMENT 'tgl approval',
  `app_hd_tgl` date NOT NULL default '0000-00-00',
  `app_gm_tgl` date NOT NULL default '0000-00-00',
  `app_keuangan_ket` char(200) NOT NULL default '''''' COMMENT 'keterangan approval',
  `app_hd_ket` char(200) NOT NULL default '''''',
  `app_gm_ket` char(200) NOT NULL default '''''',
  PRIMARY KEY  (`id_advance`)
) ENGINE=InnoDB DEFAULT CHARSET=latin1;

-- Dumping data for table tatamasa.master_advance: ~12 rows (approximately)
/*!40000 ALTER TABLE `master_advance` DISABLE KEYS */;
INSERT INTO `master_advance` (`id_advance`, `id_kyw`, `jml_uang`, `tgl_trans`, `tgl_jt`, `pay_to`, `nama_akun_bank`, `no_akun_bank`, `nama_bank`, `keterangan`, `dok_po`, `dok_sp`, `dok_ssp`, `dok_sspk`, `dok_sbj`, `app_keuangan_id`, `app_hd_id`, `app_gm_id`, `app_keuangan_status`, `app_hd_status`, `app_gm_status`, `app_keuangan_tgl`, `app_hd_tgl`, `app_gm_tgl`, `app_keuangan_ket`, `app_hd_ket`, `app_gm_ket`) VALUES
	('000003', '000003', 20000000.00, '0000-00-00', '2014-01-10', 'pt maju mundur', 'angga', '1231230555', 'bca', 'lsdmckdsmckm odmvoevmw', 0, 0, 1, 1, 0, 0, 0, 0, 0, 0, 0, '0000-00-00', '0000-00-00', '0000-00-00', '\'\'', '\'\'', '\'\''),
	('000004', '000003', 6000000.00, '0000-00-00', '2016-01-22', 'Joko', 'Kurniawan', '89999999-09', 'Bca', 'apa saja', 1, 0, 0, 1, 1, 0, 0, 0, 0, 0, 0, '0000-00-00', '0000-00-00', '0000-00-00', '\'\'', '\'\'', '\'\''),
	('000005', '000001', 700000000.00, '0000-00-00', '2017-01-01', 'Rina', 'RNN', '777777-0000-111', 'Mandiri', '', 1, 0, 1, 1, 1, 0, 0, 0, 0, 0, 0, '0000-00-00', '0000-00-00', '0000-00-00', '\'\'', '\'\'', '\'\''),
	('000006', '000003', 400000000.00, '0000-00-00', '2018-01-22', 'Nun', 'Joko', '888888', 'Mandiri', 'k', 1, 1, 0, 0, 1, 0, 0, 0, 0, 0, 0, '0000-00-00', '0000-00-00', '0000-00-00', '\'\'', '\'\'', '\'\''),
	('000007', '000003', 3000000000.00, '0000-00-00', '2016-02-01', 'FHH', 'ang', '88888888888', 'Mandiri', '', 1, 0, 0, 0, 1, 0, 0, 0, 0, 0, 0, '0000-00-00', '0000-00-00', '0000-00-00', '\'\'', '\'\'', '\'\''),
	('000008', '000003', 540000000.00, '0000-00-00', '2016-01-01', 'Joko', 'Hanif', '88888888878', 'Niaga', 'Ket', 1, 0, 1, 0, 1, 0, 0, 0, 0, 0, 0, '0000-00-00', '0000-00-00', '0000-00-00', '\'\'', '\'\'', '\'\''),
	('000009', '000003', 700000000.00, '0000-00-00', '2015-01-01', 'Hanum', 'intan', '888888888', 'bca', 'hei', 0, 0, 0, 0, 0, 0, 0, 0, 0, 0, 0, '0000-00-00', '0000-00-00', '0000-00-00', '\'\'', '\'\'', '\'\''),
	('000010', '000001', 600000000.00, '0000-00-00', '2016-01-01', 'Joki', 'Kokoh', '6666666666', 'Mandiri', 'Ket', 0, 0, 0, 0, 0, 0, 0, 0, 0, 0, 0, '0000-00-00', '0000-00-00', '0000-00-00', '\'\'', '\'\'', '\'\''),
	('000011', '000001', 400000000.00, '0000-00-00', '2016-02-01', 'Hilman', 'Dinar', '7676767666666', 'Bank PNM', 'key', 1, 1, 0, 0, 0, 0, 0, 0, 0, 0, 0, '0000-00-00', '0000-00-00', '0000-00-00', '\'\'', '\'\'', '\'\''),
	('000012', '000003', 430000000.00, '0000-00-00', '2016-09-01', 'Kiki', 'Frizki', '111111-11', 'Mandiri', 'key', 0, 0, 1, 1, 0, 0, 0, 0, 0, 0, 0, '0000-00-00', '0000-00-00', '0000-00-00', '\'\'', '\'\'', '\'\''),
	('000013', '000001', 50000000.00, '1970-01-01', '2016-01-20', 'Nina', 'Suryani', '99999997373737', 'BCA', 'A', 1, 0, 1, 0, 1, 0, 0, 0, 0, 0, 0, '0000-00-00', '0000-00-00', '0000-00-00', '\'\'', '\'\'', '\'\''),
	('000014', '000001', 50000000.00, '2015-01-01', '2016-01-20', 'Nina', 'Suryani', '99999997373737', 'BCA', 'A', 1, 0, 1, 0, 1, 0, 0, 0, 0, 0, 0, '0000-00-00', '0000-00-00', '0000-00-00', '\'\'', '\'\'', '\'\'');
/*!40000 ALTER TABLE `master_advance` ENABLE KEYS */;


-- Dumping structure for table tatamasa.master_cashflow
CREATE TABLE IF NOT EXISTS `master_cashflow` (
  `kode_cflow` char(20) NOT NULL default '',
  `kode_alt` char(20) default NULL,
  `nama_cflow` char(50) default NULL,
  `kode_induk` char(20) NOT NULL default '',
  `level` tinyint(2) unsigned NOT NULL default '0',
  `type` char(1) NOT NULL default '',
  `saldo_awal` decimal(17,2) NOT NULL default '0.00',
  `saldo_akhir` decimal(17,2) NOT NULL default '0.00',
  PRIMARY KEY  (`kode_cflow`)
) ENGINE=MyISAM DEFAULT CHARSET=latin1 ROW_FORMAT=FIXED;

-- Dumping data for table tatamasa.master_cashflow: 122 rows
/*!40000 ALTER TABLE `master_cashflow` DISABLE KEYS */;
INSERT INTO `master_cashflow` (`kode_cflow`, `kode_alt`, `nama_cflow`, `kode_induk`, `level`, `type`, `saldo_awal`, `saldo_akhir`) VALUES
	('1', '1', 'KAS MASUK', '', 1, 'G', 0.00, 0.00),
	('101', '100', 'Owner', '', 2, 'G', 0.00, 0.00),
	('10101', '1001', 'Investasi BSK', '', 3, 'D', 0.00, 0.00),
	('10102', '1002', 'Investasi RK', '', 3, 'D', 0.00, 0.00),
	('10103', '1003', 'Investasi SR', '', 3, 'D', 0.00, 0.00),
	('102', '101', 'Pinjaman dana dr Teratai', '', 2, 'D', 0.00, 0.00),
	('103', '102', 'Pinjaman dana dr TTMS', '', 2, 'D', 0.00, 0.00),
	('104', '103', 'Pinjaman dana dr PSI', '', 2, 'D', 0.00, 0.00),
	('105', '104', 'Pinjaman Bank', '', 2, 'D', 0.00, 0.00),
	('106', '105', '"Lainnya (Jasa Giro,Bunga Deposito)"', '', 2, 'D', 0.00, 0.00),
	('107', '106', 'Penjualan Unit', '', 2, 'G', 0.00, 0.00),
	('10701', '10601', 'Booking Fee', '', 3, 'D', 0.00, 0.00),
	('10702', '10602', 'Down Payment (DP)', '', 3, 'D', 0.00, 0.00),
	('10703', '10603', 'Pelunasan / Pencairan KPR / Cash Keras', '', 3, 'D', 0.00, 0.00),
	('108', '107', 'Kelebihan tanah', '', 2, 'D', 0.00, 0.00),
	('2', '2', 'KAS KELUAR', '', 1, 'G', 0.00, 0.00),
	('201', '200', 'Pembayaran Tanah', '', 2, 'D', 0.00, 0.00),
	('202', '201', 'Biaya Bangunan', '', 2, 'G', 0.00, 0.00),
	('20201', '20101', 'Type Unit Rumah', '', 3, 'G', 0.00, 0.00),
	('2020101', '2010101', 'Type A (Type 55/96)', '', 4, 'D', 0.00, 0.00),
	('2020102', '2010102', 'Type B (Type 43/72)', '', 4, 'D', 0.00, 0.00),
	('2020103', '2010103', 'Type C (Type 48/90)', '', 4, 'D', 0.00, 0.00),
	('2020104', '2010104', 'Type D ( Type 50/84)', '', 4, 'D', 0.00, 0.00),
	('20202', '20102', 'Biaya Penyambungan Listrik', '', 3, 'D', 0.00, 0.00),
	('20203', '20103', 'Biaya Sumur Pantek + Perlengkapan per Rumah', '', 3, 'D', 0.00, 0.00),
	('203', '203', 'Biaya Perijinan', '', 2, 'D', 0.00, 0.00),
	('204', '204', 'Biaya Sarana dan Prasarana', '', 2, 'G', 0.00, 0.00),
	('20401', '20401', '"Kantor, Gerbang & Pagar Lingkungan"', '', 3, 'D', 0.00, 0.00),
	('20402', '20402', 'Pematangan Lahan', '', 3, 'D', 0.00, 0.00),
	('20403', '20403', 'Jalan', '', 3, 'D', 0.00, 0.00),
	('20404', '20404', 'Saluran', '', 3, 'D', 0.00, 0.00),
	('20405', '20405', 'Taman', '', 3, 'D', 0.00, 0.00),
	('20406', '20406', 'Fasum & Fasos', '', 3, 'D', 0.00, 0.00),
	('20407', '20407', 'Pagar Lingkungan', '', 3, 'D', 0.00, 0.00),
	('20408', '20408', 'Turap Kali', '', 3, 'D', 0.00, 0.00),
	('205', '205', 'Fee Marketing & Promosi', '', 2, 'G', 0.00, 0.00),
	('20501', '20501', 'Promosi', '', 3, 'G', 0.00, 0.00),
	('2050101', '2050101', 'Marketing Kit', '', 4, 'D', 0.00, 0.00),
	('2050102', '2050102', '"Advertising, Promotion & Exhibition"', '', 4, 'D', 0.00, 0.00),
	('2050103', '2050103', 'Advertising Designer', '', 4, 'D', 0.00, 0.00),
	('20502', '20502', 'Fee Marketing', '', 3, 'G', 0.00, 0.00),
	('2050201', '2050201', 'Marketing Fee', '', 4, 'D', 0.00, 0.00),
	('2050202', '2050202', 'Marketing Agent', '', 4, 'D', 0.00, 0.00),
	('2050203', '2050203', 'Brokerage Fee', '', 4, 'D', 0.00, 0.00),
	('20503', '20503', 'Entertainment', '', 3, 'D', 0.00, 0.00),
	('206', '206', 'Biaya Overhead (O/H)', '', 2, 'G', 0.00, 0.00),
	('20601', '20601', 'Biaya Karyawan', '', 3, 'G', 0.00, 0.00),
	('2060101', '2060101', '"Gaji, THR dan Bonus"', '', 4, 'D', 0.00, 0.00),
	('2060102', '2060102', 'BPJS Ketenagakerjaan', '', 4, 'D', 0.00, 0.00),
	('2060103', '2060103', 'BPJS Kesehatan / Asuransi Kesehatan (Inpatient & O', '', 4, 'D', 0.00, 0.00),
	('2060104', '2060104', 'Handphone (HP)', '', 4, 'D', 0.00, 0.00),
	('2060105', '2060105', 'Recruitment', '', 4, 'D', 0.00, 0.00),
	('2060106', '2060106', 'Training dan Seminar', '', 4, 'D', 0.00, 0.00),
	('20602', '20602', 'Perlengkapan Kantor Pemasaran', '', 3, 'D', 0.00, 0.00),
	('20603', '20603', 'Utilities', '', 3, 'G', 0.00, 0.00),
	('2060301', '206031', 'Listrik', '', 4, 'D', 0.00, 0.00),
	('2060302', '206032', 'Telepon & Fax', '', 4, 'D', 0.00, 0.00),
	('2060303', '206033', 'Internet', '', 4, 'D', 0.00, 0.00),
	('2060304', '206034', 'PAM', '', 4, 'D', 0.00, 0.00),
	('2060305', '206035', '"Other (solar, dll)"', '', 4, 'D', 0.00, 0.00),
	('20604', '20604', 'Keamanan & Kebersihan', '', 3, 'G', 0.00, 0.00),
	('2060401', '206041', 'Keamanan', '', 4, 'D', 0.00, 0.00),
	('2060402', '206042', 'Kebersihan', '', 4, 'D', 0.00, 0.00),
	('20605', '20605', 'Biaya Konsultan', '', 3, 'G', 0.00, 0.00),
	('2060501', '2060501', 'Auditor', '', 4, 'D', 0.00, 0.00),
	('2060502', '2060502', 'Tax', '', 4, 'D', 0.00, 0.00),
	('2060503', '2060503', 'Notaris', '', 4, 'D', 0.00, 0.00),
	('2060504', '2060504', 'Law Firm', '', 4, 'D', 0.00, 0.00),
	('2060505', '2060505', 'System', '', 4, 'D', 0.00, 0.00),
	('2060506', '2060506', 'Other', '', 4, 'D', 0.00, 0.00),
	('20606', '20606', 'Biaya Sewa', '', 3, 'G', 0.00, 0.00),
	('2060601', '2060601', 'Sewa Peralatan', '', 4, 'D', 0.00, 0.00),
	('2060602', '2060602', 'Sewa Gedung', '', 4, 'D', 0.00, 0.00),
	('2060603', '2060603', 'Sewa Kendaraan', '', 4, 'D', 0.00, 0.00),
	('2060604', '2060604', 'Sewa Other', '', 4, 'D', 0.00, 0.00),
	('20607', '20607', 'Biaya Maintenance', '', 3, 'G', 0.00, 0.00),
	('2060701', '2060701', 'Maintenance Gedung', '', 4, 'D', 0.00, 0.00),
	('2060702', '2060702', 'Maintenance Peralatan', '', 4, 'D', 0.00, 0.00),
	('2060703', '2060703', 'Maintenance Kendaraan Bermotor', '', 4, 'D', 0.00, 0.00),
	('2060704', '2060704', 'Maintenance Other', '', 4, 'D', 0.00, 0.00),
	('20608', '20608', 'Transportasi', '', 3, 'D', 0.00, 0.00),
	('20609', '20609', 'Biaya Perijinan', '', 3, 'G', 0.00, 0.00),
	('2060901', '2060901', 'Pendirian Perusahaan & Perijinan', '', 4, 'D', 0.00, 0.00),
	('2060902', '2060902', 'Perijinan Operasional', '', 4, 'D', 0.00, 0.00),
	('2060903', '2060903', 'Perijinan Other', '', 4, 'D', 0.00, 0.00),
	('20610', '20610', 'Biaya Asuransi', '', 3, 'G', 0.00, 0.00),
	('2061001', '2061001', 'Asuransi Gedung', '', 4, 'D', 0.00, 0.00),
	('2061002', '2061002', 'Asuransi Kendaraan', '', 4, 'D', 0.00, 0.00),
	('2061003', '2061003', 'Asuransi Others', '', 4, 'D', 0.00, 0.00),
	('20611', '20611', 'Biaya Pengiriman Dokumen', '', 3, 'D', 0.00, 0.00),
	('20612', '20612', 'Percetakan & Fotocopi', '', 3, 'D', 0.00, 0.00),
	('20613', '20613', 'ATK', '', 3, 'D', 0.00, 0.00),
	('20614', '20614', 'Kebutuhan Rumah Tangga', '', 3, 'D', 0.00, 0.00),
	('20615', '20615', 'Iuran & Retribusi', '', 3, 'D', 0.00, 0.00),
	('20616', '20616', 'Sumbangan', '', 3, 'D', 0.00, 0.00),
	('20617', '20617', 'Biaya Administrasi Bank', '', 3, 'D', 0.00, 0.00),
	('20618', '20699', 'Biaya Overhead Lainnya', '', 3, 'D', 0.00, 0.00),
	('207', '207', 'Pelunasan Pokok', '', 2, 'G', 0.00, 0.00),
	('20701', '20701', 'Pribadi Owner', '', 3, 'D', 0.00, 0.00),
	('20702', '20702', 'Bank', '', 3, 'D', 0.00, 0.00),
	('20703', '20703', 'Pengembalian pinjaman ke PT TTMS', '', 3, 'D', 0.00, 0.00),
	('20704', '20704', 'Pengembalian pinjaman ke PT PSI', '', 3, 'D', 0.00, 0.00),
	('208', '208', 'Angsuran Bunga Pinjaman & Biaya Pinjaman Bank', '', 2, 'G', 0.00, 0.00),
	('20801', '2081', 'Angsuran Bunga Pinjaman', '', 3, 'G', 0.00, 0.00),
	('2080101', '208101', 'Bunga Pinjaman Bank', '', 4, 'D', 0.00, 0.00),
	('2080102', '208102', 'Bunga Pinjaman Owner', '', 4, 'D', 0.00, 0.00),
	('20802', '2082', 'Biaya Pinjaman Bank', '', 3, 'D', 0.00, 0.00),
	('209', '209', 'Pembayaran Pajak - Pajak', '', 2, 'G', 0.00, 0.00),
	('20901', '20901', 'Pajak PPh Psl 21', '', 3, 'D', 0.00, 0.00),
	('20902', '20902', 'Pajak PPh Psl 23', '', 3, 'D', 0.00, 0.00),
	('20903', '20903', 'Pajak PPh Psl 4(2) Final Developer', '', 3, 'D', 0.00, 0.00),
	('20904', '20904', 'Pajak PPN', '', 3, 'D', 0.00, 0.00),
	('20905', '20905', 'Pajak PBB', '', 3, 'D', 0.00, 0.00),
	('210', '210', 'Pengeluaran Lainnya (Ditanggung Konsumen)', '', 2, 'G', 0.00, 0.00),
	('21001', '21001', 'Biaya Pecah Sertifikat', '', 3, 'D', 0.00, 0.00),
	('21002', '21002', 'Biaya AJB', '', 3, 'D', 0.00, 0.00),
	('211', '211', 'Hadiah', '', 2, 'D', 0.00, 0.00),
	('212', '212', 'Bagi Hasil', '', 2, 'G', 0.00, 0.00),
	('21201', '2121', 'Bagi Hasil BSK', '', 3, 'D', 0.00, 0.00),
	('21202', '2122', 'Bagi Hasil RK', '', 3, 'D', 0.00, 0.00),
	('21203', '2123', 'Bagi Hasil SR', '', 3, 'D', 0.00, 0.00),
	('21204', '2124', 'Bagi Hasil PT. TTMS', '', 3, 'D', 0.00, 0.00);
/*!40000 ALTER TABLE `master_cashflow` ENABLE KEYS */;


-- Dumping structure for table tatamasa.master_dept
CREATE TABLE IF NOT EXISTS `master_dept` (
  `id_dept` char(6) NOT NULL,
  `nama_dept` char(50) default NULL,
  PRIMARY KEY  (`id_dept`)
) ENGINE=InnoDB DEFAULT CHARSET=latin1;

-- Dumping data for table tatamasa.master_dept: ~3 rows (approximately)
/*!40000 ALTER TABLE `master_dept` DISABLE KEYS */;
INSERT INTO `master_dept` (`id_dept`, `nama_dept`) VALUES
	('000001', 'Head Office'),
	('000002', 'Officer'),
	('000003', 'Akunting');
/*!40000 ALTER TABLE `master_dept` ENABLE KEYS */;


-- Dumping structure for table tatamasa.master_karyawan
CREATE TABLE IF NOT EXISTS `master_karyawan` (
  `id_kyw` char(6) NOT NULL,
  `nama_kyw` char(50) default '0',
  `dept_kyw` char(50) default '0',
  PRIMARY KEY  (`id_kyw`)
) ENGINE=InnoDB DEFAULT CHARSET=latin1;

-- Dumping data for table tatamasa.master_karyawan: ~2 rows (approximately)
/*!40000 ALTER TABLE `master_karyawan` DISABLE KEYS */;
INSERT INTO `master_karyawan` (`id_kyw`, `nama_kyw`, `dept_kyw`) VALUES
	('000001', 'Angga Saputra', '000001'),
	('000003', 'Muhammad Rizal v', '000001');
/*!40000 ALTER TABLE `master_karyawan` ENABLE KEYS */;


-- Dumping structure for table tatamasa.master_proyek
CREATE TABLE IF NOT EXISTS `master_proyek` (
  `id_proyek` char(3) NOT NULL,
  `nama_proyek` char(50) default NULL,
  PRIMARY KEY  (`id_proyek`)
) ENGINE=InnoDB DEFAULT CHARSET=latin1;

-- Dumping data for table tatamasa.master_proyek: ~0 rows (approximately)
/*!40000 ALTER TABLE `master_proyek` DISABLE KEYS */;
/*!40000 ALTER TABLE `master_proyek` ENABLE KEYS */;


-- Dumping structure for table tatamasa.master_reimpay
CREATE TABLE IF NOT EXISTS `master_reimpay` (
  `id_reimpay` char(6) NOT NULL,
  `id_kyw` char(6) NOT NULL,
  `no_invoice` char(20) NOT NULL,
  `jml_uang` decimal(15,2) NOT NULL default '0.00',
  `tgl_jt` date NOT NULL default '0000-00-00',
  `pay_to` char(50) NOT NULL default '''''',
  `nama_akun_bank` char(50) NOT NULL default '''''',
  `no_akun_bank` char(25) NOT NULL default '''''',
  `nama_bank` char(50) NOT NULL default '''''',
  `keterangan` char(200) NOT NULL default '''''',
  `dok_fpe` tinyint(1) NOT NULL default '0' COMMENT 'flag faktur penjualan',
  `dok_kuitansi` tinyint(1) NOT NULL default '0' COMMENT 'flag kuitansi',
  `dok_fpa` tinyint(1) NOT NULL default '0' COMMENT 'flag faktur pajak',
  `dok_po` tinyint(1) NOT NULL default '0' COMMENT 'flag dokumen PO',
  `dok_suratjalan` tinyint(1) NOT NULL default '0' COMMENT 'flag surat jalan',
  `dok_lappenerimaanbrg` tinyint(1) NOT NULL default '0' COMMENT 'flag laporan permintaan barang',
  `dok_bast` tinyint(1) NOT NULL default '0' COMMENT 'flag berita acara serah terima',
  `dok_pc` tinyint(1) NOT NULL default '0' COMMENT 'flag berita acara pemeriksaan',
  `dok_lpkk` tinyint(1) NOT NULL default '0' COMMENT 'flag certificate of payment',
  `app_keuangan_id` int(6) NOT NULL default '0' COMMENT 'simpan idUser sistem',
  `app_hd_id` int(6) NOT NULL default '0',
  `app_gm_id` int(6) NOT NULL default '0',
  `app_keuangan_status` tinyint(1) NOT NULL default '0' COMMENT 'paid, approve, reject',
  `app_hd_status` tinyint(1) NOT NULL default '0',
  `app_gm_status` tinyint(1) NOT NULL default '0',
  `app_keuangan_tgl` date NOT NULL default '0000-00-00' COMMENT 'tgl approval',
  `app_hd_tgl` date NOT NULL default '0000-00-00',
  `app_gm_tgl` date NOT NULL default '0000-00-00',
  `app_keuangan_ket` char(200) NOT NULL default '''''' COMMENT 'keterangan approval',
  `app_hd_ket` char(200) NOT NULL default '''''',
  `app_gm_ket` char(200) NOT NULL default '''''',
  PRIMARY KEY  (`id_reimpay`)
) ENGINE=InnoDB DEFAULT CHARSET=latin1 ROW_FORMAT=COMPACT;

-- Dumping data for table tatamasa.master_reimpay: ~1 rows (approximately)
/*!40000 ALTER TABLE `master_reimpay` DISABLE KEYS */;
INSERT INTO `master_reimpay` (`id_reimpay`, `id_kyw`, `no_invoice`, `jml_uang`, `tgl_jt`, `pay_to`, `nama_akun_bank`, `no_akun_bank`, `nama_bank`, `keterangan`, `dok_fpe`, `dok_kuitansi`, `dok_fpa`, `dok_po`, `dok_suratjalan`, `dok_lappenerimaanbrg`, `dok_bast`, `dok_pc`, `dok_lpkk`, `app_keuangan_id`, `app_hd_id`, `app_gm_id`, `app_keuangan_status`, `app_hd_status`, `app_gm_status`, `app_keuangan_tgl`, `app_hd_tgl`, `app_gm_tgl`, `app_keuangan_ket`, `app_hd_ket`, `app_gm_ket`) VALUES
	('000001', '000001', '9001-INV', 100000000.00, '2014-01-08', 'AMIi', '\'\'', '\'\'', '\'\'', 'Keterangan all', 1, 1, 1, 0, 0, 0, 1, 1, 1, 0, 0, 0, 0, 0, 0, '0000-00-00', '0000-00-00', '0000-00-00', '\'\'', '\'\'', '\'\'');
/*!40000 ALTER TABLE `master_reimpay` ENABLE KEYS */;


-- Dumping structure for table tatamasa.master_reqpay
CREATE TABLE IF NOT EXISTS `master_reqpay` (
  `id_reqpay` char(6) NOT NULL,
  `id_kyw` char(6) NOT NULL,
  `no_invoice` char(20) NOT NULL,
  `no_po` char(20) NOT NULL,
  `jml_uang` decimal(15,2) NOT NULL default '0.00',
  `tgl_jt` date NOT NULL default '0000-00-00',
  `pay_to` char(50) NOT NULL default '''''',
  `nama_akun_bank` char(50) NOT NULL default '''''',
  `no_akun_bank` char(25) NOT NULL default '''''',
  `nama_bank` char(50) NOT NULL default '''''',
  `keterangan` char(200) NOT NULL default '''''',
  `dok_fpe` tinyint(1) NOT NULL default '0' COMMENT 'flag faktur penjualan',
  `dok_kuitansi` tinyint(1) NOT NULL default '0' COMMENT 'flag kuitansi',
  `dok_fpa` tinyint(1) NOT NULL default '0' COMMENT 'flag faktur pajak',
  `dok_po` tinyint(1) NOT NULL default '0' COMMENT 'flag dokumen PO',
  `dok_suratjalan` tinyint(1) NOT NULL default '0' COMMENT 'flag surat jalan',
  `dok_lappenerimaanbrg` tinyint(1) NOT NULL default '0' COMMENT 'flag laporan permintaan barang',
  `dok_bast` tinyint(1) NOT NULL default '0' COMMENT 'flag berita acara serah terima',
  `dok_bap` tinyint(1) NOT NULL default '0' COMMENT 'flag berita acara pemeriksaan',
  `dok_cop` tinyint(1) NOT NULL default '0' COMMENT 'flag certificate of payment',
  `dok_ssp` tinyint(1) NOT NULL default '0' COMMENT 'flag dokumen surat perjanjian kontrak',
  `dok_sspk` tinyint(1) NOT NULL default '0' COMMENT 'flag dokumen sesuai perintah kerja',
  `dok_sbj` tinyint(1) NOT NULL default '0' COMMENT 'flag dokumen surat Jaminan',
  `app_keuangan_id` int(6) NOT NULL default '0' COMMENT 'simpan idUser sistem',
  `app_hd_id` int(6) NOT NULL default '0',
  `app_gm_id` int(6) NOT NULL default '0',
  `app_keuangan_status` tinyint(1) NOT NULL default '0' COMMENT 'paid, approve, reject',
  `app_hd_status` tinyint(1) NOT NULL default '0',
  `app_gm_status` tinyint(1) NOT NULL default '0',
  `app_keuangan_tgl` date NOT NULL default '0000-00-00' COMMENT 'tgl approval',
  `app_hd_tgl` date NOT NULL default '0000-00-00',
  `app_gm_tgl` date NOT NULL default '0000-00-00',
  `app_keuangan_ket` char(200) NOT NULL default '''''' COMMENT 'keterangan approval',
  `app_hd_ket` char(200) NOT NULL default '''''',
  `app_gm_ket` char(200) NOT NULL default '''''',
  PRIMARY KEY  (`id_reqpay`)
) ENGINE=InnoDB DEFAULT CHARSET=latin1 ROW_FORMAT=COMPACT;

-- Dumping data for table tatamasa.master_reqpay: ~1 rows (approximately)
/*!40000 ALTER TABLE `master_reqpay` DISABLE KEYS */;
INSERT INTO `master_reqpay` (`id_reqpay`, `id_kyw`, `no_invoice`, `no_po`, `jml_uang`, `tgl_jt`, `pay_to`, `nama_akun_bank`, `no_akun_bank`, `nama_bank`, `keterangan`, `dok_fpe`, `dok_kuitansi`, `dok_fpa`, `dok_po`, `dok_suratjalan`, `dok_lappenerimaanbrg`, `dok_bast`, `dok_bap`, `dok_cop`, `dok_ssp`, `dok_sspk`, `dok_sbj`, `app_keuangan_id`, `app_hd_id`, `app_gm_id`, `app_keuangan_status`, `app_hd_status`, `app_gm_status`, `app_keuangan_tgl`, `app_hd_tgl`, `app_gm_tgl`, `app_keuangan_ket`, `app_hd_ket`, `app_gm_ket`) VALUES
	('000001', '000001', '111-inv', '111-po', 5000000.00, '2015-01-22', 'Angga', 'anggasap', '777777', 'bank mandiri', 'keterangan 1', 1, 1, 1, 1, 1, 0, 0, 1, 1, 1, 1, 1, 0, 0, 0, 0, 0, 0, '0000-00-00', '0000-00-00', '0000-00-00', '\'\'', '\'\'', '\'\'');
/*!40000 ALTER TABLE `master_reqpay` ENABLE KEYS */;


-- Dumping structure for table tatamasa.master_settle_adv
CREATE TABLE IF NOT EXISTS `master_settle_adv` (
  `id_settle_adv` char(6) NOT NULL,
  `id_kyw` char(6) NOT NULL,
  `jml_uang` decimal(15,2) NOT NULL default '0.00',
  `tgl_jt` date NOT NULL default '0000-00-00',
  `pay_to` char(50) NOT NULL default '''''',
  `nama_akun_bank` char(50) NOT NULL default '''''',
  `no_akun_bank` char(25) NOT NULL default '''''',
  `nama_bank` char(50) NOT NULL default '''''',
  `keterangan` char(200) NOT NULL default '''''',
  `dok_fpe` tinyint(1) NOT NULL default '0' COMMENT 'flag faktur penjualan',
  `dok_kuitansi` tinyint(1) NOT NULL default '0' COMMENT 'flag kuitansi',
  `dok_fpa` tinyint(1) NOT NULL default '0' COMMENT 'flag faktur pajak',
  `dok_po` tinyint(1) NOT NULL default '0' COMMENT 'flag dokumen PO',
  `dok_suratjalan` tinyint(1) NOT NULL default '0' COMMENT 'flag surat jalan',
  `dok_lappenerimaanbrg` tinyint(1) NOT NULL default '0' COMMENT 'flag laporan permintaan barang',
  `dok_bast` tinyint(1) NOT NULL default '0' COMMENT 'flag berita acara serah terima',
  `dok_bap` tinyint(1) NOT NULL default '0' COMMENT 'flag berita acara pemeriksaan',
  `dok_cop` tinyint(1) NOT NULL default '0' COMMENT 'flag certificate of payment',
  `dok_ssp` tinyint(1) NOT NULL default '0' COMMENT 'flag dokumen surat perjanjian kontrak',
  `dok_sspk` tinyint(1) NOT NULL default '0' COMMENT 'flag dokumen sesuai perintah kerja',
  `dok_sbj` tinyint(1) NOT NULL default '0' COMMENT 'flag dokumen surat Jaminan',
  `app_keuangan_id` int(6) NOT NULL default '0' COMMENT 'simpan idUser sistem',
  `app_hd_id` int(6) NOT NULL default '0',
  `app_gm_id` int(6) NOT NULL default '0',
  `app_keuangan_status` tinyint(1) NOT NULL default '0' COMMENT 'paid, approve, reject',
  `app_hd_status` tinyint(1) NOT NULL default '0',
  `app_gm_status` tinyint(1) NOT NULL default '0',
  `app_keuangan_tgl` date NOT NULL default '0000-00-00' COMMENT 'tgl approval',
  `app_hd_tgl` date NOT NULL default '0000-00-00',
  `app_gm_tgl` date NOT NULL default '0000-00-00',
  `app_keuangan_ket` char(200) NOT NULL default '''''' COMMENT 'keterangan approval',
  `app_hd_ket` char(200) NOT NULL default '''''',
  `app_gm_ket` char(200) NOT NULL default '''''',
  PRIMARY KEY  (`id_settle_adv`)
) ENGINE=InnoDB DEFAULT CHARSET=latin1 ROW_FORMAT=COMPACT;

-- Dumping data for table tatamasa.master_settle_adv: ~0 rows (approximately)
/*!40000 ALTER TABLE `master_settle_adv` DISABLE KEYS */;
/*!40000 ALTER TABLE `master_settle_adv` ENABLE KEYS */;


-- Dumping structure for table tatamasa.perkiraan
CREATE TABLE IF NOT EXISTS `perkiraan` (
  `kode_perk` char(20) NOT NULL default '',
  `kode_alt` char(20) default NULL,
  `nama_perk` char(50) default NULL,
  `kode_induk` char(20) NOT NULL default '',
  `level` tinyint(2) unsigned NOT NULL default '0',
  `type` char(1) NOT NULL default '',
  `dk` char(1) NOT NULL default '',
  `saldo_awal` decimal(17,2) NOT NULL default '0.00',
  `saldo_debet` decimal(15,2) NOT NULL default '0.00',
  `saldo_kredit` decimal(15,2) NOT NULL default '0.00',
  `saldo_akhir` decimal(17,2) NOT NULL default '0.00',
  PRIMARY KEY  (`kode_perk`)
) ENGINE=MyISAM DEFAULT CHARSET=latin1;

-- Dumping data for table tatamasa.perkiraan: 578 rows
/*!40000 ALTER TABLE `perkiraan` DISABLE KEYS */;
INSERT INTO `perkiraan` (`kode_perk`, `kode_alt`, `nama_perk`, `kode_induk`, `level`, `type`, `dk`, `saldo_awal`, `saldo_debet`, `saldo_kredit`, `saldo_akhir`) VALUES
	('1', '1', 'AKTIVA', '0', 1, 'G', 'D', 0.00, 0.00, 0.00, 0.00),
	('101', '11', 'ASET LANCAR', '1', 2, 'G', 'D', 0.00, 0.00, 0.00, 0.00),
	('10101', '111', 'Kas dan Setara Kas', '101', 3, 'G', 'D', 0.00, 0.00, 0.00, 0.00),
	('1010101', '1111', 'Kas Besar', '10101', 4, 'G', 'D', 0.00, 0.00, 0.00, 0.00),
	('101010101', '111101', 'Kas Besar - Margini', '1010101', 5, 'D', 'D', 0.00, 0.00, 0.00, 0.00),
	('1010102', '1112', 'Kas Kecil', '10101', 4, 'G', 'D', 0.00, 0.00, 0.00, 0.00),
	('101010201', '111201', 'Kas Kecil - keuangan (Yanti)', '1010102', 5, 'D', 'D', 0.00, 0.00, 0.00, 0.00),
	('101010202', '111202', 'Kas Kecil - Operasional Proyek (Dodied)', '1010102', 5, 'D', 'D', 0.00, 0.00, 0.00, 0.00),
	('1010103', '1113', 'Kas di Bank', '10101', 4, 'G', 'D', 0.00, 0.00, 0.00, 0.00),
	('101010301', '111301', 'Kas di Bank - Mandiri', '1010103', 5, 'G', 'D', 0.00, 0.00, 0.00, 0.00),
	('10101030101', '1113011', 'Bank Mandiri (Rek. 438)', '101010301', 6, 'D', 'D', 0.00, 0.00, 0.00, 0.00),
	('101010302', '111302', 'Kas di Bank - BTN', '1010103', 5, 'G', 'D', 0.00, 0.00, 0.00, 0.00),
	('10101030201', '1113021', 'Bank BTN (Rek. 293)', '101010302', 6, 'D', 'D', 0.00, 0.00, 0.00, 0.00),
	('10101030202', '1113022', 'Bank BTN (Rek. 2813)', '101010302', 6, 'D', 'D', 0.00, 0.00, 0.00, 0.00),
	('1010104', '1114', 'Deposito', '10101', 4, 'G', 'D', 0.00, 0.00, 0.00, 0.00),
	('101010401', '11141', 'Deposito - Bank Muamalat', '1010104', 5, 'D', 'D', 0.00, 0.00, 0.00, 0.00),
	('101010402', '11142', 'Deposito - BRI Syariah', '1010104', 5, 'D', 'D', 0.00, 0.00, 0.00, 0.00),
	('101010403', '11143', 'Deposito - Yudha Bhakti', '1010104', 5, 'D', 'D', 0.00, 0.00, 0.00, 0.00),
	('1010105', '1119', 'Kas Dalam Perjalanan', '10101', 4, 'D', 'D', 0.00, 0.00, 0.00, 0.00),
	('10102', '113', 'Piutang Usaha', '101', 3, 'G', 'D', 0.00, 0.00, 0.00, 0.00),
	('1010201', '1131', 'Piutang Usaha Pihak Ketiga', '10102', 4, 'G', 'D', 0.00, 0.00, 0.00, 0.00),
	('1010202', '1132', 'Piutang Usaha Pihak Afiliasi', '10102', 4, 'D', 'D', 0.00, 0.00, 0.00, 0.00),
	('10103', '114', 'Piutang Lain-lain', '101', 3, 'G', 'D', 0.00, 0.00, 0.00, 0.00),
	('1010301', '1141', 'Piutang Lain-lain Pihak Ketiga', '10103', 4, 'G', 'D', 0.00, 0.00, 0.00, 0.00),
	('101030101', '114101', 'Piutang Lain-lain - Teratai R', '1010301', 5, 'D', 'D', 0.00, 0.00, 0.00, 0.00),
	('101030102', '114102', 'Piutang Lain-lain - PT. TTMS', '1010301', 5, 'D', 'D', 0.00, 0.00, 0.00, 0.00),
	('101030103', '114103', 'Piutang Lain-lain - PT. PSI', '1010301', 5, 'D', 'D', 0.00, 0.00, 0.00, 0.00),
	('1010302', '1142', 'Piutang Lain-lain Pihak Afiliasi', '10103', 4, 'G', 'D', 0.00, 0.00, 0.00, 0.00),
	('101030201', '114201', 'Piutang dari Pemegang Saham', '1010302', 5, 'G', 'D', 0.00, 0.00, 0.00, 0.00),
	('10103020101', '11420101', 'Piutang Pemegang Saham - Lusiana', '101030201', 6, 'D', 'D', 0.00, 0.00, 0.00, 0.00),
	('10103020102', '11420102', 'Piutang Pemegang Saham - Shahla Rooswita', '101030201', 6, 'D', 'D', 0.00, 0.00, 0.00, 0.00),
	('101030202', '114202', 'Piutang dari Perusahaan Afiliasi', '1010302', 5, 'D', 'D', 0.00, 0.00, 0.00, 0.00),
	('101030203', '114203', 'Piutang Karyawan', '1010302', 5, 'G', 'D', 0.00, 0.00, 0.00, 0.00),
	('10103020301', '1142031', 'Piutang ke Karyawan', '101030203', 6, 'D', 'D', 0.00, 0.00, 0.00, 0.00),
	('10103020302', '1142032', 'Piutang Karyawan - Kelebihan Advance', '101030203', 6, 'D', 'D', 0.00, 0.00, 0.00, 0.00),
	('101030204', '114298', 'Piutang Lainnya', '1010302', 5, 'D', 'D', 0.00, 0.00, 0.00, 0.00),
	('10104', '115', 'Persediaan', '101', 3, 'G', 'D', 0.00, 0.00, 0.00, 0.00),
	('1010401', '11501', 'Persediaan Jadi Tanah & Bangunan', '10104', 4, 'D', 'D', 0.00, 0.00, 0.00, 0.00),
	('1010402', '11502', 'Tanah Sedang Dikembangkan', '10104', 4, 'D', 'D', 0.00, 0.00, 0.00, 0.00),
	('1010403', '11503', 'Bangunan Sedang Dikembangkan', '10104', 4, 'G', 'D', 0.00, 0.00, 0.00, 0.00),
	('101040301', '1150301', 'BSD - Perijinan & Legal', '1010403', 5, 'D', 'D', 0.00, 0.00, 0.00, 0.00),
	('101040302', '1150302', 'BSD - Konstruksi', '1010403', 5, 'G', 'D', 0.00, 0.00, 0.00, 0.00),
	('10104030201', '115030201', 'Biaya Bangunan', '101040302', 6, 'G', 'D', 0.00, 0.00, 0.00, 0.00),
	('1010403020101', '1150302011', 'Biaya Bangunan - Type A (Type 55/96)', '10104030201', 7, 'D', 'D', 0.00, 0.00, 0.00, 0.00),
	('1010403020102', '1150302012', 'Biaya Bangunan - Type B (Type 43/72)', '10104030201', 7, 'D', 'D', 0.00, 0.00, 0.00, 0.00),
	('1010403020103', '1150302013', 'Biaya Bangunan - Type C (Type 48/90)', '10104030201', 7, 'D', 'D', 0.00, 0.00, 0.00, 0.00),
	('1010403020104', '1150302014', 'Biaya Bangunan - Type D (Type 50/84)', '10104030201', 7, 'D', 'D', 0.00, 0.00, 0.00, 0.00),
	('10104030202', '115030202', 'Biaya Penyambungan Listrik', '101040302', 6, 'D', 'D', 0.00, 0.00, 0.00, 0.00),
	('10104030203', '115030203', 'Biaya Sumur Pantek+perlengkapan Rumah', '101040302', 6, 'D', 'D', 0.00, 0.00, 0.00, 0.00),
	('101040303', '1150306', 'BSD - Sarana & Prasarana', '1010403', 5, 'G', 'D', 0.00, 0.00, 0.00, 0.00),
	('10104030301', '115030601', '"Kantor, Gerbang, Pagar"', '101040303', 6, 'D', 'D', 0.00, 0.00, 0.00, 0.00),
	('10104030302', '115030602', 'Pematangan Lahan', '101040303', 6, 'D', 'D', 0.00, 0.00, 0.00, 0.00),
	('10104030303', '115030603', 'Jalan', '101040303', 6, 'D', 'D', 0.00, 0.00, 0.00, 0.00),
	('10104030304', '115030604', 'Saluran', '101040303', 6, 'D', 'D', 0.00, 0.00, 0.00, 0.00),
	('10104030305', '115030605', 'Taman', '101040303', 6, 'D', 'D', 0.00, 0.00, 0.00, 0.00),
	('10104030306', '115030606', 'Fasum & Fasos', '101040303', 6, 'D', 'D', 0.00, 0.00, 0.00, 0.00),
	('10104030307', '115030607', 'Pagar Lingkungan', '101040303', 6, 'D', 'D', 0.00, 0.00, 0.00, 0.00),
	('10104030308', '115030608', 'Turap Kali', '101040303', 6, 'D', 'D', 0.00, 0.00, 0.00, 0.00),
	('1010404', '11504', 'Tanah Belum Dikembangkan', '10104', 4, 'D', 'D', 0.00, 0.00, 0.00, 0.00),
	('10105', '116', 'Uang Muka Dibayar', '101', 3, 'G', 'D', 0.00, 0.00, 0.00, 0.00),
	('1010501', '11601', 'Uang Muka Dibayar - Operasional', '10105', 4, 'D', 'D', 0.00, 0.00, 0.00, 0.00),
	('1010502', '11602', 'Uang Muka Dibayar - Proyek Property', '10105', 4, 'D', 'D', 0.00, 0.00, 0.00, 0.00),
	('1010503', '11603', 'Uang Muka Dibayar - Aset Tetap', '10105', 4, 'D', 'D', 0.00, 0.00, 0.00, 0.00),
	('1010504', '11604', 'Uang Muka Dibayar - Marketing', '10105', 4, 'G', 'D', 0.00, 0.00, 0.00, 0.00),
	('101050401', '1160401', 'Biaya Marketing Tool Kit', '1010504', 5, 'D', 'D', 0.00, 0.00, 0.00, 0.00),
	('101050402', '1160402', '"Biaya Advertising, Promotion & Exhibition"', '1010504', 5, 'D', 'D', 0.00, 0.00, 0.00, 0.00),
	('101050403', '1160403', 'Biaya Advertising Designer', '1010504', 5, 'D', 'D', 0.00, 0.00, 0.00, 0.00),
	('101050404', '1160404', 'Biaya Komisi / Broker Fee', '1010504', 5, 'D', 'D', 0.00, 0.00, 0.00, 0.00),
	('101050405', '1160405', 'Biaya Entertainment', '1010504', 5, 'D', 'D', 0.00, 0.00, 0.00, 0.00),
	('101050406', '1160406', 'Biaya Promosi Bonus Home Appliance', '1010504', 5, 'D', 'D', 0.00, 0.00, 0.00, 0.00),
	('1010505', '11605', 'Uang Muka Dibayar - Konsumen', '10105', 4, 'G', 'D', 0.00, 0.00, 0.00, 0.00),
	('101050501', '116051', 'Uang Muka Dibayar - Konsumen (Type A)', '1010505', 5, 'D', 'D', 0.00, 0.00, 0.00, 0.00),
	('101050502', '116052', 'Uang Muka Dibayar - Konsumen (Type B)', '1010505', 5, 'D', 'D', 0.00, 0.00, 0.00, 0.00),
	('101050503', '116053', 'Uang Muka Dibayar - Konsumen (Type C)', '1010505', 5, 'D', 'D', 0.00, 0.00, 0.00, 0.00),
	('101050504', '116054', 'Uang Muka Dibayar - Konsumen (Type D)', '1010505', 5, 'D', 'D', 0.00, 0.00, 0.00, 0.00),
	('1010506', '11606', 'Uang Muka Dibayar - Operasional Proyek', '10105', 4, 'G', 'D', 0.00, 0.00, 0.00, 0.00),
	('101050601', '11606001', 'Biaya Karyawan Umum & Administrasi', '1010506', 5, 'G', 'D', 0.00, 0.00, 0.00, 0.00),
	('10105060101', '1160600101', 'Biaya Gaji Karyawan', '101050601', 6, 'D', 'D', 0.00, 0.00, 0.00, 0.00),
	('10105060102', '1160600102', 'Biaya Kesehatan Karyawan', '101050601', 6, 'D', 'D', 0.00, 0.00, 0.00, 0.00),
	('10105060103', '1160600103', 'Biaya Komunikasi Karyawan', '101050601', 6, 'D', 'D', 0.00, 0.00, 0.00, 0.00),
	('10105060104', '1160600104', 'Biaya Recruitment Karyawan', '101050601', 6, 'D', 'D', 0.00, 0.00, 0.00, 0.00),
	('101050602', '11606002', 'Biaya Sewa', '1010506', 5, 'G', 'D', 0.00, 0.00, 0.00, 0.00),
	('10105060201', '1160600201', 'Biaya Sewa Rumah / Gedung', '101050602', 6, 'D', 'D', 0.00, 0.00, 0.00, 0.00),
	('10105060202', '1160600202', 'Biaya Sewa Kendaraan Bermotor', '101050602', 6, 'D', 'D', 0.00, 0.00, 0.00, 0.00),
	('10105060203', '1160600203', 'Biaya Sewa Peralatan', '101050602', 6, 'D', 'D', 0.00, 0.00, 0.00, 0.00),
	('101050603', '11606003', 'Biaya Maintenance', '1010506', 5, 'G', 'D', 0.00, 0.00, 0.00, 0.00),
	('10105060301', '1160600301', 'Biaya Maintenance Gedung', '101050603', 6, 'D', 'D', 0.00, 0.00, 0.00, 0.00),
	('10105060302', '1160600302', 'Biaya Maintenance Peralatan', '101050603', 6, 'D', 'D', 0.00, 0.00, 0.00, 0.00),
	('10105060303', '1160600303', 'Biaya Maintenance Kendaraan', '101050603', 6, 'D', 'D', 0.00, 0.00, 0.00, 0.00),
	('10105060304', '1160600304', 'Biaya Maintenance Lainnya', '101050603', 6, 'D', 'D', 0.00, 0.00, 0.00, 0.00),
	('101050604', '11606004', 'Biaya Utilities', '1010506', 5, 'G', 'D', 0.00, 0.00, 0.00, 0.00),
	('10105060401', '1160600401', 'Biaya Listrik', '101050604', 6, 'D', 'D', 0.00, 0.00, 0.00, 0.00),
	('10105060402', '1160600402', 'Biaya Telepon', '101050604', 6, 'D', 'D', 0.00, 0.00, 0.00, 0.00),
	('10105060403', '1160600403', 'Biaya Air PAM', '101050604', 6, 'D', 'D', 0.00, 0.00, 0.00, 0.00),
	('10105060404', '1160600404', 'Biaya Internet', '101050604', 6, 'D', 'D', 0.00, 0.00, 0.00, 0.00),
	('101050605', '11606005', 'Biaya Perlengkapan', '1010506', 6, 'D', 'D', 0.00, 0.00, 0.00, 0.00),
	('101050606', '11606006', 'Biaya Transportasi', '1010506', 6, 'D', 'D', 0.00, 0.00, 0.00, 0.00),
	('101050607', '11606007', 'Biaya Asuransi', '1010506', 6, 'G', 'D', 0.00, 0.00, 0.00, 0.00),
	('10105060701', '1160600701', 'Biaya Asuransi Bangunan', '101050607', 7, 'D', 'D', 0.00, 0.00, 0.00, 0.00),
	('10105060702', '1160600702', 'Biaya Asuransi Kendaraan Bermotor', '101050607', 7, 'D', 'D', 0.00, 0.00, 0.00, 0.00),
	('101050608', '11606008', 'Biaya Keamanan & Kebersihan', '1010506', 6, 'G', 'D', 0.00, 0.00, 0.00, 0.00),
	('10105060801', '1160600801', 'Biaya Keamanan', '101050608', 7, 'D', 'D', 0.00, 0.00, 0.00, 0.00),
	('10105060802', '1160600802', 'Biaya Kebersihan', '101050608', 7, 'D', 'D', 0.00, 0.00, 0.00, 0.00),
	('101050609', '11606009', 'Biaya Percetakan & Fotocopi', '1010506', 6, 'D', 'D', 0.00, 0.00, 0.00, 0.00),
	('101050610', '11606010', 'Biaya ATK', '1010506', 6, 'D', 'D', 0.00, 0.00, 0.00, 0.00),
	('101050611', '11606011', 'Biaya Pengiriman Dokumen', '1010506', 6, 'D', 'D', 0.00, 0.00, 0.00, 0.00),
	('101050612', '11606012', 'Biaya Kebutuhan Rumah Tangga', '1010506', 6, 'D', 'D', 0.00, 0.00, 0.00, 0.00),
	('101050613', '11606013', 'Biaya Retribusi & Iuran', '1010506', 6, 'D', 'D', 0.00, 0.00, 0.00, 0.00),
	('101050614', '11606014', 'Biaya Penyusutan & Amortisasi', '1010506', 6, 'G', 'D', 0.00, 0.00, 0.00, 0.00),
	('10105061401', '1160601401', 'Biayapenyusutan Aset Tetap', '101050614', 7, 'G', 'D', 0.00, 0.00, 0.00, 0.00),
	('1010506140101', '116060140101', 'Biaya Penyusutan Bangunan', '10105061401', 8, 'D', 'D', 0.00, 0.00, 0.00, 0.00),
	('1010506140102', '116060140102', 'Biaya Penyusutan Prasarana', '10105061401', 8, 'D', 'D', 0.00, 0.00, 0.00, 0.00),
	('1010506140103', '116060140103', 'Biaya Penyusutan Mesin', '10105061401', 8, 'D', 'D', 0.00, 0.00, 0.00, 0.00),
	('1010506140104', '116060140104', 'Biaya Penyusutan Kendaraan Bermotor', '10105061401', 8, 'D', 'D', 0.00, 0.00, 0.00, 0.00),
	('1010506140105', '116060140105', 'Biaya Penyusutan Peralatan & Perlengkapan', '10105061401', 8, 'D', 'D', 0.00, 0.00, 0.00, 0.00),
	('1010506140106', '116060140106', 'Biaya Penyusutan Furniture & Fixture', '10105061401', 8, 'D', 'D', 0.00, 0.00, 0.00, 0.00),
	('1010506140107', '116060140107', 'Biaya Penyusutan Komputer Hardware', '10105061401', 8, 'D', 'D', 0.00, 0.00, 0.00, 0.00),
	('10105061402', '1160601402', 'Biaya Amortisasi Aset Nirwujud', '101050614', 7, 'G', 'D', 0.00, 0.00, 0.00, 0.00),
	('1010506140201', '116060140201', 'Biaya Amortisasi Hak Paten', '10105061402', 8, 'D', 'D', 0.00, 0.00, 0.00, 0.00),
	('1010506140202', '116060140202', 'Biaya Amortisasi Komputer Software', '10105061402', 8, 'D', 'D', 0.00, 0.00, 0.00, 0.00),
	('101050615', '11606015', 'Biaya Konsultan', '1010506', 6, 'G', 'D', 0.00, 0.00, 0.00, 0.00),
	('10105061501', '1160601501', 'Auditor', '101050615', 7, 'D', 'D', 0.00, 0.00, 0.00, 0.00),
	('10105061502', '1160601502', 'Notaris', '101050615', 7, 'D', 'D', 0.00, 0.00, 0.00, 0.00),
	('10105061503', '1160601503', 'Law Firm', '101050615', 7, 'D', 'D', 0.00, 0.00, 0.00, 0.00),
	('10105061504', '1160601504', 'System', '101050615', 7, 'D', 'D', 0.00, 0.00, 0.00, 0.00),
	('10105061505', '1160601505', 'Lainnya', '101050615', 7, 'D', 'D', 0.00, 0.00, 0.00, 0.00),
	('101050616', '11606040', 'Biaya Lainnya', '1010506', 6, 'G', 'D', 0.00, 0.00, 0.00, 0.00),
	('10105061601', '1160604001', 'Biaya Sumbangan', '101050616', 7, 'D', 'D', 0.00, 0.00, 0.00, 0.00),
	('10105061602', '1160604002', 'Biaya Umum & Administrasi Lainnya', '101050616', 7, 'D', 'D', 0.00, 0.00, 0.00, 0.00),
	('10105061603', '1160604003', 'Biaya Administrasi Bank', '101050616', 7, 'D', 'D', 0.00, 0.00, 0.00, 0.00),
	('10105061604', '1160604004', 'Biaya Bunga Pinjaman Bank', '101050616', 7, 'G', 'D', 0.00, 0.00, 0.00, 0.00),
	('1010506160401', '11606040041', 'Biaya Bunga Pinjaman Bank BCA', '10105061604', 8, 'D', 'D', 0.00, 0.00, 0.00, 0.00),
	('1010506160402', '11606040042', 'Biaya Bunga Pinjaman Bank BTN', '10105061604', 8, 'D', 'D', 0.00, 0.00, 0.00, 0.00),
	('10105061605', '1160604005', 'Pendapatan Bunga Bank', '101050616', 7, 'D', 'D', 0.00, 0.00, 0.00, 0.00),
	('10105061606', '1160604006', 'Laba / Rugi Pembulatan', '101050616', 7, 'D', 'D', 0.00, 0.00, 0.00, 0.00),
	('1010507', '11699', 'Uang Muka Dibayar - Lainnya', '10105', 4, 'D', 'D', 0.00, 0.00, 0.00, 0.00),
	('10106', '117', 'Biaya Dibayar Di Muka', '101', 3, 'G', 'D', 0.00, 0.00, 0.00, 0.00),
	('1010601', '11701', 'Sewa Dibayar Di Muka', '10106', 4, 'D', 'D', 0.00, 0.00, 0.00, 0.00),
	('1010602', '11703', 'Asuransi Gedung Dibayar Di Muka', '10106', 4, 'D', 'D', 0.00, 0.00, 0.00, 0.00),
	('1010603', '11704', 'Asuransi Kendaraan Dibayar Di Muka', '10106', 4, 'D', 'D', 0.00, 0.00, 0.00, 0.00),
	('1010604', '11705', 'Asuransi Kesehatan Dibayar Di Muka', '10106', 4, 'D', 'D', 0.00, 0.00, 0.00, 0.00),
	('1010605', '11799', 'Biaya Dibayar Di Muka Lainnya', '10106', 4, 'D', 'D', 0.00, 0.00, 0.00, 0.00),
	('10107', '118', 'Pajak Dibayar Di Muka', '101', 3, 'G', 'D', 0.00, 0.00, 0.00, 0.00),
	('1010701', '11802', 'Pajak Dibayar Di Muka - PPh Psl 23', '10107', 4, 'D', 'D', 0.00, 0.00, 0.00, 0.00),
	('1010702', '11804', 'Pajak Dibayar Di Muka - PPh Psl 25', '10107', 4, 'D', 'D', 0.00, 0.00, 0.00, 0.00),
	('1010703', '11807', 'PPN - Masukan', '10107', 4, 'D', 'D', 0.00, 0.00, 0.00, 0.00),
	('1010704', '11808', 'PBB', '10107', 4, 'D', 'D', 0.00, 0.00, 0.00, 0.00),
	('1010705', '11899', 'Pajak Dibayar Di Muka - Lainnya', '10107', 4, 'D', 'D', 0.00, 0.00, 0.00, 0.00),
	('10108', '119', 'Aset Lancar Lainnya', '101', 3, 'D', 'D', 0.00, 0.00, 0.00, 0.00),
	('102', '12', 'ASET TIDAK LANCAR', '1', 2, 'G', 'D', 0.00, 0.00, 0.00, 0.00),
	('10201', '121', 'Beban Ditangguhkan', '102', 3, 'G', 'D', 0.00, 0.00, 0.00, 0.00),
	('1020101', '12101', 'Sewa Jangka Panjang', '10201', 4, 'D', 'D', 0.00, 0.00, 0.00, 0.00),
	('1020102', '12199', 'Beban Ditangguhkan lainnya', '10201', 4, 'G', 'D', 0.00, 0.00, 0.00, 0.00),
	('102010201', '1219901', 'Beban Ditangguhkan Lainnya - Marketing', '1020102', 5, 'D', 'D', 0.00, 0.00, 0.00, 0.00),
	('102010202', '1219902', 'Beban Ditangguhkan Lainnya - Komisi', '1020102', 5, 'D', 'D', 0.00, 0.00, 0.00, 0.00),
	('10202', '123', 'Property Investasi', '102', 3, 'G', 'D', 0.00, 0.00, 0.00, 0.00),
	('1020201', '1231', 'Nilai Perolehan Property Investasi', '10202', 4, 'D', 'D', 0.00, 0.00, 0.00, 0.00),
	('1020202', '1232', 'Akumulasi Penyusutan & Amortisasi Property Investa', '10202', 4, 'D', 'D', 0.00, 0.00, 0.00, 0.00),
	('10203', '124', 'Aset Tetap', '102', 3, 'G', 'D', 0.00, 0.00, 0.00, 0.00),
	('1020301', '1241', 'Nilai Perolehan Aset Tetap', '10203', 4, 'G', 'D', 0.00, 0.00, 0.00, 0.00),
	('102030101', '124101', 'Tanah', '1020301', 5, 'D', 'D', 0.00, 0.00, 0.00, 0.00),
	('102030102', '124102', 'Bangunan', '1020301', 5, 'D', 'D', 0.00, 0.00, 0.00, 0.00),
	('102030103', '124103', 'Prasarana', '1020301', 5, 'D', 'D', 0.00, 0.00, 0.00, 0.00),
	('102030104', '124104', 'Mesin', '1020301', 5, 'D', 'D', 0.00, 0.00, 0.00, 0.00),
	('102030105', '124105', 'Kendaraan Bermotor', '1020301', 5, 'D', 'D', 0.00, 0.00, 0.00, 0.00),
	('102030106', '124106', 'Peralatan & Perlengkapan', '1020301', 5, 'D', 'D', 0.00, 0.00, 0.00, 0.00),
	('102030107', '124107', 'Furniture & Fixture', '1020301', 5, 'D', 'D', 0.00, 0.00, 0.00, 0.00),
	('102030108', '124108', 'Komputer Hardware', '1020301', 5, 'D', 'D', 0.00, 0.00, 0.00, 0.00),
	('102030109', '124109', 'Aset Dalam Pelaksanaan', '1020301', 5, 'D', 'D', 0.00, 0.00, 0.00, 0.00),
	('1020302', '1242', 'Akumulasi Penyusutan Aset Tetap', '10203', 4, 'G', 'D', 0.00, 0.00, 0.00, 0.00),
	('102030201', '124202', 'Akumulasi Penyusutan Bangunan', '1020302', 5, 'D', 'D', 0.00, 0.00, 0.00, 0.00),
	('102030202', '124203', 'Akumulasi Penyusutan Prasarana', '1020302', 5, 'D', 'D', 0.00, 0.00, 0.00, 0.00),
	('102030203', '124204', 'Akumulasi Penyusutan Mesin', '1020302', 5, 'D', 'D', 0.00, 0.00, 0.00, 0.00),
	('102030204', '124205', 'Akumulasi Penyusutan Kendaraan Bermotor', '1020302', 5, 'D', 'D', 0.00, 0.00, 0.00, 0.00),
	('102030205', '124206', 'Akumulasi Penyusutan Peralatan & Perlengkapan', '1020302', 5, 'D', 'D', 0.00, 0.00, 0.00, 0.00),
	('102030206', '124207', 'Akumulasi Penyusutan Furniture & Fixture', '1020302', 5, 'D', 'D', 0.00, 0.00, 0.00, 0.00),
	('102030207', '124208', 'Akumulasi Penyusutan Komputer Hardware', '1020302', 5, 'D', 'D', 0.00, 0.00, 0.00, 0.00),
	('10204', '125', 'Aset Nirwujud', '102', 3, 'G', 'D', 0.00, 0.00, 0.00, 0.00),
	('1020401', '1251', 'Nilai Perolehan Aset Nirwujud', '10204', 4, 'G', 'D', 0.00, 0.00, 0.00, 0.00),
	('102040101', '125101', 'Hak Paten', '1020401', 5, 'D', 'D', 0.00, 0.00, 0.00, 0.00),
	('102040102', '125102', 'Hak Atas Tanah', '1020401', 5, 'D', 'D', 0.00, 0.00, 0.00, 0.00),
	('102040103', '125103', 'Perangkat Lunak Komputer', '1020401', 5, 'D', 'D', 0.00, 0.00, 0.00, 0.00),
	('1020402', '1252', 'Akumulasi Amortisasi Aset Nirwujud', '10204', 4, 'G', 'D', 0.00, 0.00, 0.00, 0.00),
	('102040201', '125201', 'Akumulasi Amortisasi Hak Paten', '1020402', 5, 'D', 'D', 0.00, 0.00, 0.00, 0.00),
	('102040202', '125202', 'Akumulasi Amortisasi Hak Atas Tanah', '1020402', 5, 'D', 'D', 0.00, 0.00, 0.00, 0.00),
	('102040203', '125203', 'Akumulasi Amortisasi Perangkat Lunak Komputer', '1020402', 5, 'D', 'D', 0.00, 0.00, 0.00, 0.00),
	('10205', '127', 'Jaminan Dapat Dikembalikan (Refundable Deposit)', '102', 3, 'D', 'D', 0.00, 0.00, 0.00, 0.00),
	('10206', '128', 'Aset Pajak Tangguhan', '102', 3, 'D', 'D', 0.00, 0.00, 0.00, 0.00),
	('10207', '129', 'Aset Tidak Lancar Lainnya', '102', 3, 'D', 'D', 0.00, 0.00, 0.00, 0.00),
	('2', '2', 'PASIVA', '0', 1, 'G', 'K', 0.00, 0.00, 0.00, 0.00),
	('201', '21', 'LIABILITAS LANCAR', '2', 2, 'G', 'K', 0.00, 0.00, 0.00, 0.00),
	('20101', '211', 'Pinjaman Jangka Pendek', '201', 3, 'G', 'K', 0.00, 0.00, 0.00, 0.00),
	('2010101', '21101', 'Pinjaman Bank', '20101', 4, 'G', 'K', 0.00, 0.00, 0.00, 0.00),
	('201010101', '2110101', 'Pinjaman Bank - BCA', '2010101', 5, 'D', 'K', 0.00, 0.00, 0.00, 0.00),
	('201010102', '2110102', 'Pinjaman Bank - BTN', '2010101', 5, 'D', 'K', 0.00, 0.00, 0.00, 0.00),
	('2010102', '21102', 'Pinjaman Dari Pihak Afiliasi', '20101', 4, 'D', 'K', 0.00, 0.00, 0.00, 0.00),
	('2010103', '21103', 'Pinjaman Dari Pemegang Saham', '20101', 4, 'G', 'K', 0.00, 0.00, 0.00, 0.00),
	('201010301', '211031', 'Pinjaman Dari Pemegang Saham - SR', '2010103', 5, 'D', 'K', 0.00, 0.00, 0.00, 0.00),
	('20102', '212', 'Utang Usaha', '201', 3, 'G', 'K', 0.00, 0.00, 0.00, 0.00),
	('2010201', '2121', 'Utang Usaha Pihak Ketiga', '20102', 4, 'D', 'K', 0.00, 0.00, 0.00, 0.00),
	('2010202', '2122', 'Utang Usaha Pihak Afiliasi', '20102', 4, 'D', 'K', 0.00, 0.00, 0.00, 0.00),
	('20103', '213', 'Utang Lain-lain', '201', 3, 'G', 'K', 0.00, 0.00, 0.00, 0.00),
	('2010301', '2131', 'Utang Lain-lain Pihak Ketiga', '20103', 4, 'D', 'K', 0.00, 0.00, 0.00, 0.00),
	('2010302', '2132', 'Utang Lain-lain Pihak Afiliasi', '20103', 4, 'D', 'K', 0.00, 0.00, 0.00, 0.00),
	('201030201', '213201', 'Utang Kepada Pemegang Saham', '2010302', 5, 'G', 'K', 0.00, 0.00, 0.00, 0.00),
	('20103020101', '21320101', 'Utang Kepada Pemegang Saham - Shahla R', '201030201', 6, 'D', 'K', 0.00, 0.00, 0.00, 0.00),
	('20103020102', '21320102', 'Utang Kepada Pemegang Saham - Lusiana', '201030201', 6, 'D', 'K', 0.00, 0.00, 0.00, 0.00),
	('201030202', '213202', 'Utang Kepada Perusahaan Afiliasi', '2010302', 5, 'G', 'K', 0.00, 0.00, 0.00, 0.00),
	('20103020201', '21320201', 'Utang Kepada PT. TTMS', '201030202', 6, 'D', 'K', 0.00, 0.00, 0.00, 0.00),
	('20103020202', '21320202', 'Utang Kepada PT. PSI', '201030202', 6, 'D', 'K', 0.00, 0.00, 0.00, 0.00),
	('201030203', '213203', 'Utang Kepada Karyawan', '2010302', 5, 'G', 'K', 0.00, 0.00, 0.00, 0.00),
	('20103020301', '21320301', 'Utang Lainnya ke Pegawai - Kurang Advance', '201030203', 6, 'D', 'K', 0.00, 0.00, 0.00, 0.00),
	('201030204', '213299', 'Utang Afiliasi Lainnya', '2010302', 5, 'D', 'K', 0.00, 0.00, 0.00, 0.00),
	('20104', '214', 'Biaya Akan Dibayar (Accrued Expenses)', '201', 3, 'G', 'K', 0.00, 0.00, 0.00, 0.00),
	('2010401', '21401', 'Biaya Karyawan Akan Dibayar', '20104', 4, 'D', 'K', 0.00, 0.00, 0.00, 0.00),
	('2010402', '21402', 'Biaya Utilities Akan Dibayar', '20104', 4, 'D', 'K', 0.00, 0.00, 0.00, 0.00),
	('2010403', '21403', 'Biaya Bunga Akan Dibayar', '20104', 4, 'D', 'K', 0.00, 0.00, 0.00, 0.00),
	('2010404', '21499', 'Biaya Akan Dibayar Lainnya', '20104', 4, 'D', 'K', 0.00, 0.00, 0.00, 0.00),
	('20105', '215', 'Pendapatan Diterima Di Muka', '201', 3, 'G', 'K', 0.00, 0.00, 0.00, 0.00),
	('2010501', '21501', 'Pendapatan Diterima Dimuka - Type. A', '20105', 4, 'G', 'K', 0.00, 0.00, 0.00, 0.00),
	('201050101', '21501001', 'Pendapatan Diterima Dimuka - Type. A - Unit 01', '2010501', 5, 'D', 'K', 0.00, 0.00, 0.00, 0.00),
	('201050102', '21501002', 'Pendapatan Diterima Dimuka - Type. A - Unit 02', '2010501', 5, 'D', 'K', 0.00, 0.00, 0.00, 0.00),
	('201050103', '21501003', 'Pendapatan Diterima Dimuka - Type. A - Unit 03', '2010501', 5, 'D', 'K', 0.00, 0.00, 0.00, 0.00),
	('201050104', '21501004', 'Pendapatan Diterima Dimuka - Type. A - Unit 04', '2010501', 5, 'D', 'K', 0.00, 0.00, 0.00, 0.00),
	('201050105', '21501005', 'Pendapatan Diterima Dimuka - Type. A - Unit 05', '2010501', 5, 'D', 'K', 0.00, 0.00, 0.00, 0.00),
	('201050106', '21501006', 'Pendapatan Diterima Dimuka - Type. A - Unit 06', '2010501', 5, 'D', 'K', 0.00, 0.00, 0.00, 0.00),
	('201050107', '21501007', 'Pendapatan Diterima Dimuka - Type. A - Unit 07', '2010501', 5, 'D', 'K', 0.00, 0.00, 0.00, 0.00),
	('201050108', '21501008', 'Pendapatan Diterima Dimuka - Type. A - Unit 08', '2010501', 5, 'D', 'K', 0.00, 0.00, 0.00, 0.00),
	('201050109', '21501009', 'Pendapatan Diterima Dimuka - Type. A - Unit 09', '2010501', 5, 'D', 'K', 0.00, 0.00, 0.00, 0.00),
	('201050110', '21501010', 'Pendapatan Diterima Dimuka - Type. A - Unit 10', '2010501', 5, 'D', 'K', 0.00, 0.00, 0.00, 0.00),
	('2010502', '21502', 'Pendapatan Diterima Dimuka - Type. B', '20105', 4, 'G', 'K', 0.00, 0.00, 0.00, 0.00),
	('201050201', '21502001', 'Pendapatan Diterima Dimuka - Type. B - Unit 01', '2010502', 5, 'D', 'K', 0.00, 0.00, 0.00, 0.00),
	('2010503', '21503', 'Pendapatan Diterima Dimuka - Type. C', '20105', 4, 'G', 'K', 0.00, 0.00, 0.00, 0.00),
	('201050301', '21503001', 'Pendapatan Diterima Dimuka - Type. C - Unit 01', '2010503', 5, 'D', 'K', 0.00, 0.00, 0.00, 0.00),
	('2010504', '21504', 'Pendapatan Diterima Dimuka - Type. D', '20105', 4, 'G', 'K', 0.00, 0.00, 0.00, 0.00),
	('201050401', '21504001', 'Pendapatan Diterima Dimuka - Type. D - Unit 01', '2010504', 5, 'D', 'K', 0.00, 0.00, 0.00, 0.00),
	('20106', '216', 'Utang Pajak', '201', 3, 'G', 'K', 0.00, 0.00, 0.00, 0.00),
	('2010601', '216101', 'Utang Pajak PPh Psl 21', '20106', 4, 'D', 'K', 0.00, 0.00, 0.00, 0.00),
	('2010602', '216102', 'Utang Pajak PPh Psl 23', '20106', 4, 'D', 'K', 0.00, 0.00, 0.00, 0.00),
	('2010603', '216103', 'Utang Pajak PPh Psl 25', '20106', 4, 'D', 'K', 0.00, 0.00, 0.00, 0.00),
	('2010604', '216105', 'Utang Pajak PPh Psl 29 (PPh Badan)', '20106', 4, 'D', 'K', 0.00, 0.00, 0.00, 0.00),
	('2010605', '216106', 'Utang Pajak PPh Psl 4 Ayat 2 (PPh Final)', '20106', 4, 'D', 'K', 0.00, 0.00, 0.00, 0.00),
	('2010606', '216201', 'PPN - Keluaran', '20106', 4, 'D', 'K', 0.00, 0.00, 0.00, 0.00),
	('2010607', '216901', 'Utang Pajak Lainnya', '20106', 4, 'D', 'K', 0.00, 0.00, 0.00, 0.00),
	('20107', '217', 'Bagian Lancar Liabilitas Jangka Panjang', '201', 3, 'G', 'K', 0.00, 0.00, 0.00, 0.00),
	('2010701', '21701', 'Bagian Lancar Pinjaman Bank Jangka Panjang', '20107', 4, 'G', 'K', 0.00, 0.00, 0.00, 0.00),
	('201070101', '2170101', 'Bagian Lancar Pinjaman Bank Jangka Panjang - BCA', '2010701', 5, 'D', 'K', 0.00, 0.00, 0.00, 0.00),
	('201070102', '2170102', 'Bagian Lancar Pinjaman Bank Jangka Panjang - BTN', '2010701', 5, 'D', 'K', 0.00, 0.00, 0.00, 0.00),
	('2010702', '21702', 'Bagian Lancar Pinjaman Non Bank Jangka Panjang', '20107', 4, 'G', 'K', 0.00, 0.00, 0.00, 0.00),
	('2010703', '21799', 'Bagian Lancar Pinjaman Jangka Panjang Lainnya', '20107', 4, 'G', 'K', 0.00, 0.00, 0.00, 0.00),
	('20108', '219', 'Utang Lancar Lainnya', '201', 3, 'D', 'K', 0.00, 0.00, 0.00, 0.00),
	('202', '22', 'LIABILITAS TIDAK LANCAR', '2', 2, 'G', 'K', 0.00, 0.00, 0.00, 0.00),
	('20201', '221', 'Pinjaman Jangka Panjang', '202', 3, 'G', 'K', 0.00, 0.00, 0.00, 0.00),
	('2020101', '22101', 'Pinjaman Bank Jangka Panjang', '20201', 4, 'G', 'K', 0.00, 0.00, 0.00, 0.00),
	('202010101', '2210101', 'Pinjaman Bank Jangka Panjang - BCA', '2020101', 5, 'D', 'K', 0.00, 0.00, 0.00, 0.00),
	('202010102', '2210102', 'Pinjaman Bank Jangka Panjang - BTN', '2020101', 5, 'D', 'K', 0.00, 0.00, 0.00, 0.00),
	('2020102', '22102', 'Pinjaman Non Bank Jangka Panjang', '20201', 4, 'G', 'K', 0.00, 0.00, 0.00, 0.00),
	('202010201', '2210202', 'Pinjaman Pemegang Saham Jangka Panjang - Shahla Ro', '2020102', 5, 'D', 'K', 0.00, 0.00, 0.00, 0.00),
	('2020103', '22199', 'Pinjaman Jangka Panjang Lainnya', '20201', 4, 'D', 'K', 0.00, 0.00, 0.00, 0.00),
	('20202', '229', 'Utang Tidak Lancar Lainnya', '202', 3, 'D', 'K', 0.00, 0.00, 0.00, 0.00),
	('3', '3', 'EKUITAS', '0', 1, 'G', 'K', 0.00, 0.00, 0.00, 0.00),
	('301', '31', 'Modal Ditempatkan & Disetor', '3', 2, 'G', 'K', 0.00, 0.00, 0.00, 0.00),
	('30101', '3101', 'Modal Ditempatkan & Disetor - Lusiana', '301', 3, 'D', 'K', 0.00, 0.00, 0.00, 0.00),
	('30102', '3102', 'Modal Ditempatkan & Disetor - Shahla Rooswita', '301', 3, 'D', 'K', 0.00, 0.00, 0.00, 0.00),
	('302', '32', 'Uang Muka Setoran Modal', '3', 2, 'D', 'K', 0.00, 0.00, 0.00, 0.00),
	('303', '39', 'Saldo Laba (Rugi)', '3', 2, 'D', 'K', 0.00, 0.00, 0.00, 0.00),
	('30301', '3901', 'Laba Ditahan', '303', 3, 'D', 'K', 0.00, 0.00, 0.00, 0.00),
	('30302', '3909', 'Laba (Rugi) Tahun Berjalan', '303', 3, 'D', 'K', 0.00, 0.00, 0.00, 0.00),
	('4', '4', 'PENDAPATAN', '0', 1, 'G', 'K', 0.00, 0.00, 0.00, 0.00),
	('401', '41', 'Pendapatan Developer', '4', 2, 'G', 'K', 0.00, 0.00, 0.00, 0.00),
	('40101', '4101', 'Pendapatan Penjualan Type A', '401', 3, 'G', 'K', 0.00, 0.00, 0.00, 0.00),
	('4010101', '410101', 'Pendapatan Penjualan Type A - Unit 01', '40101', 4, 'D', 'K', 0.00, 0.00, 0.00, 0.00),
	('4010102', '410102', 'Pendapatan Penjualan Type A - Unit 02', '40101', 4, 'D', 'K', 0.00, 0.00, 0.00, 0.00),
	('4010103', '410103', 'Pendapatan Penjualan Type A - Unit 03', '40101', 4, 'D', 'K', 0.00, 0.00, 0.00, 0.00),
	('4010104', '410104', 'Pendapatan Penjualan Type A - Unit 04', '40101', 4, 'D', 'K', 0.00, 0.00, 0.00, 0.00),
	('4010105', '410105', 'Pendapatan Penjualan Type A - Unit 05', '40101', 4, 'D', 'K', 0.00, 0.00, 0.00, 0.00),
	('4010106', '410106', 'Pendapatan Penjualan Type A - Unit 06', '40101', 4, 'D', 'K', 0.00, 0.00, 0.00, 0.00),
	('4010107', '410107', 'Pendapatan Penjualan Type A - Unit 07', '40101', 4, 'D', 'K', 0.00, 0.00, 0.00, 0.00),
	('40102', '4102', 'Pendapatan Penjualan Type B', '401', 3, 'G', 'K', 0.00, 0.00, 0.00, 0.00),
	('4010201', '410201', 'Pendapatan Penjualan Type B - Unit 01', '40102', 4, 'D', 'K', 0.00, 0.00, 0.00, 0.00),
	('4010202', '410202', 'Pendapatan Penjualan Type B - Unit 02', '40102', 4, 'D', 'K', 0.00, 0.00, 0.00, 0.00),
	('4010203', '410203', 'Pendapatan Penjualan Type B - Unit 03', '40102', 4, 'D', 'K', 0.00, 0.00, 0.00, 0.00),
	('4010204', '410204', 'Pendapatan Penjualan Type B - Unit 04', '40102', 4, 'D', 'K', 0.00, 0.00, 0.00, 0.00),
	('4010205', '410205', 'Pendapatan Penjualan Type B - Unit 05', '40102', 4, 'D', 'K', 0.00, 0.00, 0.00, 0.00),
	('4010206', '410206', 'Pendapatan Penjualan Type B - Unit 06', '40102', 4, 'D', 'K', 0.00, 0.00, 0.00, 0.00),
	('4010207', '410207', 'Pendapatan Penjualan Type B - Unit 07', '40102', 4, 'D', 'K', 0.00, 0.00, 0.00, 0.00),
	('40103', '4103', 'Pendapatan Penjualan Type C', '401', 3, 'G', 'K', 0.00, 0.00, 0.00, 0.00),
	('4010301', '410301', 'Pendapatan Penjualan Type C - Unit 01', '40103', 4, 'D', 'K', 0.00, 0.00, 0.00, 0.00),
	('4010302', '410302', 'Pendapatan Penjualan Type C - Unit 02', '40103', 4, 'D', 'K', 0.00, 0.00, 0.00, 0.00),
	('4010303', '410303', 'Pendapatan Penjualan Type C - Unit 03', '40103', 4, 'D', 'K', 0.00, 0.00, 0.00, 0.00),
	('4010304', '410304', 'Pendapatan Penjualan Type C - Unit 04', '40103', 4, 'D', 'K', 0.00, 0.00, 0.00, 0.00),
	('4010305', '410305', 'Pendapatan Penjualan Type C - Unit 05', '40103', 4, 'D', 'K', 0.00, 0.00, 0.00, 0.00),
	('4010306', '410306', 'Pendapatan Penjualan Type C - Unit 06', '40103', 4, 'D', 'K', 0.00, 0.00, 0.00, 0.00),
	('402', '49', 'Pendapatan Lainnya', '4', 2, 'D', 'K', 0.00, 0.00, 0.00, 0.00),
	('403', '5', 'HARGA POKOK PENJUALAN', '4', 2, 'G', 'K', 0.00, 0.00, 0.00, 0.00),
	('40301', '51', 'Biaya Langsung', '403', 3, 'G', 'K', 0.00, 0.00, 0.00, 0.00),
	('4030101', '511', 'Biaya Pengembangan Proyek', '40301', 4, 'G', 'K', 0.00, 0.00, 0.00, 0.00),
	('403010101', '51101', 'Tanah Terjual', '4030101', 5, 'D', 'K', 0.00, 0.00, 0.00, 0.00),
	('403010102', '51102', 'Perijinan Developer', '4030101', 5, 'D', 'K', 0.00, 0.00, 0.00, 0.00),
	('403010103', '51103', 'Konsultan Developer', '4030101', 5, 'G', 'K', 0.00, 0.00, 0.00, 0.00),
	('40301010301', '5110301', 'Arsitek', '403010103', 6, 'D', 'K', 0.00, 0.00, 0.00, 0.00),
	('40301010302', '5110302', 'Civil / Struktur', '403010103', 6, 'D', 'K', 0.00, 0.00, 0.00, 0.00),
	('40301010303', '5110303', '"Mekanikal, Elektrikal & Plumbing"', '403010103', 6, 'D', 'K', 0.00, 0.00, 0.00, 0.00),
	('40301010304', '5110304', 'QS', '403010103', 6, 'D', 'K', 0.00, 0.00, 0.00, 0.00),
	('40301010305', '5110305', 'MK', '403010103', 6, 'D', 'K', 0.00, 0.00, 0.00, 0.00),
	('40301010306', '5110306', 'Notaris & Law Firm', '403010103', 6, 'D', 'K', 0.00, 0.00, 0.00, 0.00),
	('403010104', '51104', 'Pembangunan', '4030101', 5, 'G', 'K', 0.00, 0.00, 0.00, 0.00),
	('40301010401', '5110401', 'Konstruksi', '403010104', 6, 'G', 'K', 0.00, 0.00, 0.00, 0.00),
	('4030101040101', '51104011', 'Type A', '40301010401', 7, 'D', 'K', 0.00, 0.00, 0.00, 0.00),
	('4030101040102', '51104012', 'Type B', '40301010401', 7, 'D', 'K', 0.00, 0.00, 0.00, 0.00),
	('4030101040103', '51104013', 'Type C', '40301010401', 7, 'D', 'K', 0.00, 0.00, 0.00, 0.00),
	('4030101040104', '51104014', 'Type D', '40301010401', 7, 'D', 'K', 0.00, 0.00, 0.00, 0.00),
	('40301010402', '5110402', 'Biaya Penyambungan Listrik', '403010104', 6, 'D', 'K', 0.00, 0.00, 0.00, 0.00),
	('40301010403', '5110403', 'Biaya Sumur Pantek+perlengkapan Rumah', '403010104', 6, 'D', 'K', 0.00, 0.00, 0.00, 0.00),
	('40301010404', '5110404', 'BSD - Sarana & Prasarana', '403010104', 6, 'G', 'K', 0.00, 0.00, 0.00, 0.00),
	('4030101040401', '511040401', '"Kantor, Gerbang, Pagar"', '40301010404', 7, 'D', 'K', 0.00, 0.00, 0.00, 0.00),
	('4030101040402', '511040402', 'Pematangan Lahan', '40301010404', 7, 'D', 'K', 0.00, 0.00, 0.00, 0.00),
	('4030101040403', '511040403', 'Jalan', '40301010404', 7, 'D', 'K', 0.00, 0.00, 0.00, 0.00),
	('4030101040404', '511040404', 'Saluran', '40301010404', 7, 'D', 'K', 0.00, 0.00, 0.00, 0.00),
	('4030101040405', '511040405', 'Taman', '40301010404', 7, 'D', 'K', 0.00, 0.00, 0.00, 0.00),
	('4030101040406', '511040406', 'Fasum & Fasos', '40301010404', 7, 'D', 'K', 0.00, 0.00, 0.00, 0.00),
	('4030101040407', '511040407', 'Pagar Lingkungan', '40301010404', 7, 'D', 'K', 0.00, 0.00, 0.00, 0.00),
	('4030101040408', '511040408', 'Turap Kali', '40301010404', 7, 'D', 'K', 0.00, 0.00, 0.00, 0.00),
	('404', '81', 'Pendapatan Lain-lain', '4', 2, 'D', 'K', 0.00, 0.00, 0.00, 0.00),
	('40401', '8101', 'Pendapatan Bunga Bank', '404', 3, 'D', 'K', 0.00, 0.00, 0.00, 0.00),
	('40402', '8102', 'Pendapatan Bunga Pinjaman', '404', 3, 'D', 'K', 0.00, 0.00, 0.00, 0.00),
	('40403', '8103', 'Pendapatan Bagi Hasil', '404', 3, 'D', 'K', 0.00, 0.00, 0.00, 0.00),
	('40404', '8104', 'Pendapatan Dividen', '404', 3, 'D', 'K', 0.00, 0.00, 0.00, 0.00),
	('40405', '8106', 'Laba Penjualan Aset Tetap & Property Investasi', '404', 3, 'D', 'K', 0.00, 0.00, 0.00, 0.00),
	('40406', '8107', 'Laba Selisih Kurs', '404', 3, 'D', 'K', 0.00, 0.00, 0.00, 0.00),
	('40407', '8109', 'Laba Pembulatan', '404', 3, 'D', 'K', 0.00, 0.00, 0.00, 0.00),
	('40408', '8199', 'Pendapatan Lainnya', '404', 3, 'D', 'K', 0.00, 0.00, 0.00, 0.00),
	('5', '5', 'BIAYA', '0', 1, 'G', 'D', 0.00, 0.00, 0.00, 0.00),
	('501', '52', 'Biaya Langsung Karyawan', '5', 2, 'G', 'D', 0.00, 0.00, 0.00, 0.00),
	('50101', '5201', 'Gaji Kotor', '501', 3, 'G', 'D', 0.00, 0.00, 0.00, 0.00),
	('5010101', '520101', 'Gaji Bersih', '50101', 4, 'D', 'D', 0.00, 0.00, 0.00, 0.00),
	('5010102', '520102', 'PPh Pasal 21 Karyawan', '50101', 4, 'D', 'D', 0.00, 0.00, 0.00, 0.00),
	('50102', '5202', 'Kesehatan Karyawan', '501', 3, 'G', 'D', 0.00, 0.00, 0.00, 0.00),
	('5010201', '520201', 'Biaya Kesehatan Outpatient', '50102', 4, 'D', 'D', 0.00, 0.00, 0.00, 0.00),
	('5010202', '520202', 'Asuransi Kesehatan Inpatient', '50102', 4, 'D', 'D', 0.00, 0.00, 0.00, 0.00),
	('50103', '5203', 'Komunikasi Karyawan', '501', 3, 'D', 'D', 0.00, 0.00, 0.00, 0.00),
	('50104', '5204', 'Jamsostek', '501', 3, 'G', 'D', 0.00, 0.00, 0.00, 0.00),
	('5010401', '520401', 'Jamsostek - Dibayarkan Perusahaan', '50104', 4, 'D', 'D', 0.00, 0.00, 0.00, 0.00),
	('5010402', '520402', 'Jamsostek - Iuran Dari Karyawan', '50104', 4, 'D', 'D', 0.00, 0.00, 0.00, 0.00),
	('50105', '5205', 'Recruitment Karyawan', '501', 3, 'D', 'D', 0.00, 0.00, 0.00, 0.00),
	('50106', '5206', 'Trainning & Seminar', '501', 3, 'D', 'D', 0.00, 0.00, 0.00, 0.00),
	('502', '53', 'Biaya Tidak Langsung (Overhead)', '5', 2, 'G', 'D', 0.00, 0.00, 0.00, 0.00),
	('50201', '5301', 'Konsultan Manajemen & Adviser', '502', 3, 'G', 'D', 0.00, 0.00, 0.00, 0.00),
	('5020101', '530101', 'Auditor', '50201', 4, 'D', 'D', 0.00, 0.00, 0.00, 0.00),
	('5020102', '530102', 'Tax', '50201', 4, 'D', 'D', 0.00, 0.00, 0.00, 0.00),
	('5020103', '530103', 'Notaris', '50201', 4, 'D', 'D', 0.00, 0.00, 0.00, 0.00),
	('5020104', '530104', 'Law Firm', '50201', 4, 'D', 'D', 0.00, 0.00, 0.00, 0.00),
	('5020105', '530105', 'Business Development', '50201', 4, 'D', 'D', 0.00, 0.00, 0.00, 0.00),
	('5020106', '530106', '"Konsultan Mgt, Finance Dan Adviser"', '50201', 4, 'D', 'D', 0.00, 0.00, 0.00, 0.00),
	('5020107', '530107', 'System', '50201', 4, 'D', 'D', 0.00, 0.00, 0.00, 0.00),
	('5020108', '530108', 'Konsultan Lainnya', '50201', 4, 'D', 'D', 0.00, 0.00, 0.00, 0.00),
	('50202', '5302', 'Biaya Sewa', '502', 3, 'G', 'D', 0.00, 0.00, 0.00, 0.00),
	('5020201', '530201', 'Biaya Sewa Rumah / Gedung', '50202', 4, 'D', 'D', 0.00, 0.00, 0.00, 0.00),
	('5020202', '530202', 'Biaya Sewa Tanah', '50202', 4, 'D', 'D', 0.00, 0.00, 0.00, 0.00),
	('5020203', '530203', 'Biaya Sewa Kendaraan Bermotor', '50202', 4, 'D', 'D', 0.00, 0.00, 0.00, 0.00),
	('5020204', '530204', 'Biaya Sewa Peralatan', '50202', 4, 'D', 'D', 0.00, 0.00, 0.00, 0.00),
	('5020255', '530299', 'Biaya Sewa Lainnya', '50202', 4, 'D', 'D', 0.00, 0.00, 0.00, 0.00),
	('50203', '5303', 'Biaya Maintenance', '502', 3, 'G', 'D', 0.00, 0.00, 0.00, 0.00),
	('5020301', '530301', 'Biaya Maintenance Gedung', '50203', 4, 'D', 'D', 0.00, 0.00, 0.00, 0.00),
	('5020302', '530302', 'Biaya Maintenance Peralatan', '50203', 4, 'D', 'D', 0.00, 0.00, 0.00, 0.00),
	('5020303', '530303', 'Biaya Maintenance Kendaraan', '50203', 4, 'D', 'D', 0.00, 0.00, 0.00, 0.00),
	('5020304', '530399', 'Biaya Maintenance Lainnya', '50203', 4, 'D', 'D', 0.00, 0.00, 0.00, 0.00),
	('50204', '5304', 'Biaya Utilities', '502', 3, 'G', 'D', 0.00, 0.00, 0.00, 0.00),
	('5020401', '530401', 'Listrik', '50204', 4, 'D', 'D', 0.00, 0.00, 0.00, 0.00),
	('5020402', '530402', 'Telephone', '50204', 4, 'D', 'D', 0.00, 0.00, 0.00, 0.00),
	('5020403', '530403', 'Air PAM', '50204', 4, 'D', 'D', 0.00, 0.00, 0.00, 0.00),
	('5020404', '530404', 'Internet', '50204', 4, 'D', 'D', 0.00, 0.00, 0.00, 0.00),
	('5020405', '530405', 'Gas', '50204', 4, 'D', 'D', 0.00, 0.00, 0.00, 0.00),
	('5020406', '530406', 'Solar', '50204', 4, 'D', 'D', 0.00, 0.00, 0.00, 0.00),
	('50205', '5305', 'Biaya Perlengkapan', '502', 3, 'D', 'D', 0.00, 0.00, 0.00, 0.00),
	('50206', '5306', 'Biaya Perjalanan Dinas', '502', 3, 'D', 'D', 0.00, 0.00, 0.00, 0.00),
	('50207', '5307', 'Biaya Transportasi', '502', 3, 'D', 'D', 0.00, 0.00, 0.00, 0.00),
	('50208', '5308', 'Biaya Perijinan Operasional', '502', 3, 'D', 'D', 0.00, 0.00, 0.00, 0.00),
	('50209', '5309', 'Biaya Asuransi', '502', 3, 'G', 'D', 0.00, 0.00, 0.00, 0.00),
	('5020901', '530901', 'Biaya Asuransi Gedung', '50209', 4, 'D', 'D', 0.00, 0.00, 0.00, 0.00),
	('5020902', '530902', 'Biaya Asuransi Kendaraan Bermotor', '50209', 4, 'D', 'D', 0.00, 0.00, 0.00, 0.00),
	('5020903', '530903', 'Biaya Asuransi Peralatan', '50209', 4, 'D', 'D', 0.00, 0.00, 0.00, 0.00),
	('5020904', '530999', 'Biaya Asuransi Lainnya', '50209', 4, 'D', 'D', 0.00, 0.00, 0.00, 0.00),
	('50210', '5310', 'Biaya Keamanan & Kebersihan', '502', 3, 'G', 'D', 0.00, 0.00, 0.00, 0.00),
	('5021001', '531001', 'Biaya Keamanan', '50210', 4, 'D', 'D', 0.00, 0.00, 0.00, 0.00),
	('5021002', '531002', 'Biaya Kebersihan', '50210', 4, 'D', 'D', 0.00, 0.00, 0.00, 0.00),
	('5021003', '531003', 'Biaya Hygiene', '50210', 4, 'D', 'D', 0.00, 0.00, 0.00, 0.00),
	('50211', '5311', 'Biaya Percetakan & Photocopy', '502', 3, 'D', 'D', 0.00, 0.00, 0.00, 0.00),
	('50212', '5312', 'Biaya ATK', '502', 3, 'D', 'D', 0.00, 0.00, 0.00, 0.00),
	('50213', '5313', 'Biaya Pengiriman Dokumen', '502', 3, 'D', 'D', 0.00, 0.00, 0.00, 0.00),
	('50214', '5314', 'Biaya Kebutuhan Rumah Tangga', '502', 3, 'D', 'D', 0.00, 0.00, 0.00, 0.00),
	('50215', '5315', 'Biaya Retribusi & Iuran', '502', 3, 'D', 'D', 0.00, 0.00, 0.00, 0.00),
	('50216', '5316', 'Biaya Pajak-pajak', '502', 3, 'D', 'D', 0.00, 0.00, 0.00, 0.00),
	('50217', '5317', 'Biaya Penyusutan & Amortisasi', '502', 3, 'G', 'D', 0.00, 0.00, 0.00, 0.00),
	('5021701', '53171', 'Biaya Penyusutan & Amortisasi Property Investasi', '50217', 4, 'G', 'D', 0.00, 0.00, 0.00, 0.00),
	('5021702', '53172', 'Biaya Penyusutan Aset Tetap', '50217', 4, 'G', 'D', 0.00, 0.00, 0.00, 0.00),
	('502170201', '5317202', 'Biaya Penyusutan Bangunan', '5021702', 5, 'D', 'D', 0.00, 0.00, 0.00, 0.00),
	('502170202', '5317203', 'Biaya Penyusutan Prasarana', '5021702', 5, 'D', 'D', 0.00, 0.00, 0.00, 0.00),
	('502170203', '5317204', 'Biaya Penyusutan Mesin', '5021702', 5, 'D', 'D', 0.00, 0.00, 0.00, 0.00),
	('502170204', '5317205', 'Biaya Penyusutan Kendaraan Bermotor', '5021702', 5, 'D', 'D', 0.00, 0.00, 0.00, 0.00),
	('502170205', '5317206', 'Biaya Penyusutan Peralatan & Perlengkapan', '5021702', 5, 'D', 'D', 0.00, 0.00, 0.00, 0.00),
	('502170206', '5317207', 'Biaya Penyusutan Furniture & Fixture', '5021702', 5, 'D', 'D', 0.00, 0.00, 0.00, 0.00),
	('502170207', '5317208', 'Biaya Penyusutan Komputer Hardware', '5021702', 5, 'D', 'D', 0.00, 0.00, 0.00, 0.00),
	('5021703', '53173', 'Biaya Amortisasi Aset Nirwujud', '50217', 4, 'G', 'D', 0.00, 0.00, 0.00, 0.00),
	('502170301', '5317301', 'Biaya Amortisasi Hak Paten', '5021703', 5, 'D', 'D', 0.00, 0.00, 0.00, 0.00),
	('502170302', '5317302', 'Biaya Amortisasi Hak Atas Tanah', '5021703', 5, 'D', 'D', 0.00, 0.00, 0.00, 0.00),
	('502170303', '5317303', 'Biaya Amortisasi Perangkat Lunak Komputer', '5021703', 5, 'D', 'D', 0.00, 0.00, 0.00, 0.00),
	('5021704', '5399', 'Biaya Tidak Langsung Lainnya', '50217', 4, 'D', 'D', 0.00, 0.00, 0.00, 0.00),
	('503', '6', 'BIAYA PENJUALAN', '5', 2, 'G', 'D', 0.00, 0.00, 0.00, 0.00),
	('50301', '601', 'Biaya Karyawan Penjualan', '503', 3, 'G', 'D', 0.00, 0.00, 0.00, 0.00),
	('5030101', '60101', 'Gaji Kotor', '50301', 4, 'G', 'D', 0.00, 0.00, 0.00, 0.00),
	('503010101', '6010101', 'Gaji Bersih', '5030101', 5, 'D', 'D', 0.00, 0.00, 0.00, 0.00),
	('503010102', '6010102', 'PPh Pasal 21 Karyawan', '5030101', 5, 'D', 'D', 0.00, 0.00, 0.00, 0.00),
	('5030102', '60102', 'Kesehatan Karyawan', '50301', 4, 'G', 'D', 0.00, 0.00, 0.00, 0.00),
	('503010201', '6010201', 'Biaya Kesehatan Outpatient', '5030102', 5, 'D', 'D', 0.00, 0.00, 0.00, 0.00),
	('503010202', '6010202', 'Asuransi Kesehatan Inpatient', '5030102', 5, 'D', 'D', 0.00, 0.00, 0.00, 0.00),
	('5030103', '60103', 'Komunikasi Karyawan', '50301', 4, 'D', 'D', 0.00, 0.00, 0.00, 0.00),
	('5030104', '60104', 'Jamsostek', '50301', 4, 'D', 'D', 0.00, 0.00, 0.00, 0.00),
	('5030105', '60105', 'Recruitment Karyawan', '50301', 4, 'D', 'D', 0.00, 0.00, 0.00, 0.00),
	('5030106', '60106', 'Trainning & Seminar', '50301', 4, 'D', 'D', 0.00, 0.00, 0.00, 0.00),
	('5030107', '60107', 'Imbalan Kerja', '50301', 4, 'D', 'D', 0.00, 0.00, 0.00, 0.00),
	('50302', '602', 'Biaya Pemasaran', '503', 3, 'G', 'D', 0.00, 0.00, 0.00, 0.00),
	('5030201', '60201', 'Marketing Kit', '50302', 4, 'D', 'D', 0.00, 0.00, 0.00, 0.00),
	('5030202', '60202', '"Advertising, Promotion & Exhibition"', '50302', 4, 'D', 'D', 0.00, 0.00, 0.00, 0.00),
	('5030203', '60203', 'Advertising Designer', '50302', 4, 'D', 'D', 0.00, 0.00, 0.00, 0.00),
	('5030204', '60204', 'Marketing Agent', '50302', 4, 'D', 'D', 0.00, 0.00, 0.00, 0.00),
	('5030205', '60205', 'Brokerage / Marketing Fee', '50302', 4, 'G', 'D', 0.00, 0.00, 0.00, 0.00),
	('503020501', '6020502', 'Brokerage / Marketing Fee - Type A', '5030205', 5, 'D', 'D', 0.00, 0.00, 0.00, 0.00),
	('503020502', '6020503', 'Brokerage / Marketing Fee - Type B', '5030205', 5, 'D', 'D', 0.00, 0.00, 0.00, 0.00),
	('503020503', '6020504', 'Brokerage / Marketing Fee - Type C', '5030205', 5, 'D', 'D', 0.00, 0.00, 0.00, 0.00),
	('503020504', '6020505', 'Brokerage / Marketing Fee - Type D', '5030205', 5, 'D', 'D', 0.00, 0.00, 0.00, 0.00),
	('503020505', '60206', 'Entertainment', '5030205', 4, 'D', 'D', 0.00, 0.00, 0.00, 0.00),
	('50303', '603', 'Konsultan Manajemen & Adviser', '503', 3, 'D', 'D', 0.00, 0.00, 0.00, 0.00),
	('50304', '604', 'Biaya Sewa', '503', 3, 'G', 'D', 0.00, 0.00, 0.00, 0.00),
	('5030401', '60401', 'Biaya Sewa Gedung', '50304', 4, 'D', 'D', 0.00, 0.00, 0.00, 0.00),
	('5030402', '60402', 'Biaya Sewa Tanah', '50304', 4, 'D', 'D', 0.00, 0.00, 0.00, 0.00),
	('5030403', '60403', 'Biaya Sewa Kendaraan Bermotor', '50304', 4, 'D', 'D', 0.00, 0.00, 0.00, 0.00),
	('5030404', '60404', 'Biaya Sewa Peralatan', '50304', 4, 'D', 'D', 0.00, 0.00, 0.00, 0.00),
	('5030405', '60499', 'Biaya Sewa Lainnya', '50304', 4, 'D', 'D', 0.00, 0.00, 0.00, 0.00),
	('50305', '605', 'Biaya Maintenance', '503', 3, 'G', 'D', 0.00, 0.00, 0.00, 0.00),
	('5030501', '60501', 'Biaya Maintenance Gedung', '50305', 4, 'D', 'D', 0.00, 0.00, 0.00, 0.00),
	('5030502', '60502', 'Biaya Maintenance Peralatan', '50305', 4, 'D', 'D', 0.00, 0.00, 0.00, 0.00),
	('5030503', '60503', 'Biaya Maintenance Kendaraan', '50305', 4, 'D', 'D', 0.00, 0.00, 0.00, 0.00),
	('5030504', '60599', 'Biaya Maintenance Lainnya', '50305', 4, 'D', 'D', 0.00, 0.00, 0.00, 0.00),
	('50306', '606', 'Biaya Utilities', '503', 3, 'G', 'D', 0.00, 0.00, 0.00, 0.00),
	('5030601', '60601', 'Listrik', '50306', 4, 'D', 'D', 0.00, 0.00, 0.00, 0.00),
	('5030602', '60602', 'Telephone', '50306', 4, 'D', 'D', 0.00, 0.00, 0.00, 0.00),
	('5030603', '60603', 'Air PAM', '50306', 4, 'D', 'D', 0.00, 0.00, 0.00, 0.00),
	('5030604', '60604', 'Internet', '50306', 4, 'D', 'D', 0.00, 0.00, 0.00, 0.00),
	('5030605', '60605', 'Gas', '50306', 4, 'D', 'D', 0.00, 0.00, 0.00, 0.00),
	('5030606', '60606', 'Solar', '50306', 4, 'D', 'D', 0.00, 0.00, 0.00, 0.00),
	('50307', '607', 'Biaya Perlengkapan', '503', 3, 'D', 'D', 0.00, 0.00, 0.00, 0.00),
	('50308', '608', 'Biaya Perjalanan Dinas', '503', 3, 'D', 'D', 0.00, 0.00, 0.00, 0.00),
	('50309', '609', 'Biaya Transportasi', '503', 3, 'D', 'D', 0.00, 0.00, 0.00, 0.00),
	('50310', '610', 'Biaya Perijinan Operasional', '503', 3, 'D', 'D', 0.00, 0.00, 0.00, 0.00),
	('50311', '611', 'Biaya Asuransi', '503', 3, 'G', 'D', 0.00, 0.00, 0.00, 0.00),
	('5031101', '61101', 'Biaya Asuransi Gedung', '50311', 4, 'D', 'D', 0.00, 0.00, 0.00, 0.00),
	('5031102', '61102', 'Biaya Asuransi Kendaraan Bermotor', '50311', 4, 'D', 'D', 0.00, 0.00, 0.00, 0.00),
	('5031103', '61103', 'Biaya Asuransi Peralatan', '50311', 4, 'D', 'D', 0.00, 0.00, 0.00, 0.00),
	('5031104', '61199', 'Biaya Asuransi Lainnya', '50311', 4, 'D', 'D', 0.00, 0.00, 0.00, 0.00),
	('50312', '612', 'Biaya Keamanan & Kebersihan', '503', 3, 'G', 'D', 0.00, 0.00, 0.00, 0.00),
	('5031201', '61201', 'Biaya Keamanan', '50312', 4, 'D', 'D', 0.00, 0.00, 0.00, 0.00),
	('5031202', '61202', 'Biaya Kebersihan', '50312', 4, 'D', 'D', 0.00, 0.00, 0.00, 0.00),
	('5031203', '61203', 'Biaya Hygiene', '50312', 4, 'D', 'D', 0.00, 0.00, 0.00, 0.00),
	('50313', '613', 'Biaya Percetakan & Photocopy', '503', 3, 'D', 'D', 0.00, 0.00, 0.00, 0.00),
	('50314', '614', 'Biaya ATK', '503', 3, 'D', 'D', 0.00, 0.00, 0.00, 0.00),
	('50315', '615', 'Biaya Pengiriman Dokumen', '503', 3, 'D', 'D', 0.00, 0.00, 0.00, 0.00),
	('50316', '616', 'Biaya Kebutuhan Rumah Tangga', '503', 3, 'D', 'D', 0.00, 0.00, 0.00, 0.00),
	('50317', '617', 'Biaya Retribusi & Iuran', '503', 3, 'D', 'D', 0.00, 0.00, 0.00, 0.00),
	('50318', '618', 'Biaya Pajak-pajak', '503', 3, 'D', 'D', 0.00, 0.00, 0.00, 0.00),
	('50319', '619', 'Biaya Cadangan Piutang Tidak Tertagih', '503', 3, 'D', 'D', 0.00, 0.00, 0.00, 0.00),
	('50320', '620', 'Biaya Penyusutan & Amortisasi', '503', 3, 'G', 'D', 0.00, 0.00, 0.00, 0.00),
	('5032001', '6201', 'Biaya Penyusutan & Amortisasi Property Investasi', '50320', 4, 'G', 'D', 0.00, 0.00, 0.00, 0.00),
	('5032002', '6202', 'Biaya Penyusutan Aset Tetap', '50320', 4, 'G', 'D', 0.00, 0.00, 0.00, 0.00),
	('503200201', '620202', 'Biaya Penyusutan Bangunan', '5032002', 5, 'D', 'D', 0.00, 0.00, 0.00, 0.00),
	('503200202', '620203', 'Biaya Penyusutan Prasarana', '5032002', 5, 'D', 'D', 0.00, 0.00, 0.00, 0.00),
	('503200203', '620204', 'Biaya Penyusutan Mesin', '5032002', 5, 'D', 'D', 0.00, 0.00, 0.00, 0.00),
	('503200204', '620205', 'Biaya Penyusutan Kendaraan Bermotor', '5032002', 5, 'D', 'D', 0.00, 0.00, 0.00, 0.00),
	('503200205', '620206', 'Biaya Penyusutan Peralatan & Perlengkapan', '5032002', 5, 'D', 'D', 0.00, 0.00, 0.00, 0.00),
	('503200206', '620207', 'Biaya Penyusutan Furniture & Fixture', '5032002', 5, 'D', 'D', 0.00, 0.00, 0.00, 0.00),
	('503200207', '620208', 'Biaya Penyusutan Komputer Hardware', '5032002', 5, 'D', 'D', 0.00, 0.00, 0.00, 0.00),
	('5032003', '6203', 'Biaya Amortisasi Aset Nirwujud', '50320', 4, 'G', 'D', 0.00, 0.00, 0.00, 0.00),
	('503200301', '620301', 'Biaya Amortisasi Hak Paten', '5032003', 5, 'D', 'D', 0.00, 0.00, 0.00, 0.00),
	('503200302', '620302', 'Biaya Amortisasi Hak Atas Tanah', '5032003', 5, 'D', 'D', 0.00, 0.00, 0.00, 0.00),
	('503200303', '620303', 'Biaya Amortisasi Perangkat Lunak Komputer', '5032003', 5, 'D', 'D', 0.00, 0.00, 0.00, 0.00),
	('50321', '699', 'Biaya Penjualan Lainnya', '503', 3, 'D', 'D', 0.00, 0.00, 0.00, 0.00),
	('504', '7', 'BIAYA UMUM & ADMINISTRASI', '5', 2, 'G', 'D', 0.00, 0.00, 0.00, 0.00),
	('50401', '701', 'Biaya Karyawan Umum & Administrasi', '504', 3, 'G', 'D', 0.00, 0.00, 0.00, 0.00),
	('5040101', '70101', 'Gaji Kotor', '50401', 4, 'G', 'D', 0.00, 0.00, 0.00, 0.00),
	('504010101', '7010101', 'Gaji Bersih', '5040101', 5, 'D', 'D', 0.00, 0.00, 0.00, 0.00),
	('504010102', '7010102', 'PPh Pasal 21 Karyawan', '5040101', 5, 'D', 'D', 0.00, 0.00, 0.00, 0.00),
	('5040102', '70102', 'Kesehatan Karyawan', '50401', 4, 'G', 'D', 0.00, 0.00, 0.00, 0.00),
	('504010201', '7010201', 'Biaya Kesehatan Outpatient', '5040102', 5, 'D', 'D', 0.00, 0.00, 0.00, 0.00),
	('504010202', '7010202', 'Asuransi Kesehatan Inpatient', '5040102', 5, 'D', 'D', 0.00, 0.00, 0.00, 0.00),
	('5040103', '70103', 'Komunikasi Karyawan', '50401', 4, 'D', 'D', 0.00, 0.00, 0.00, 0.00),
	('5040104', '70104', 'Jamsostek', '50401', 4, 'G', 'D', 0.00, 0.00, 0.00, 0.00),
	('504010401', '7010401', 'Jamsostek - Dibayarkan Perusahaan', '5040104', 5, 'D', 'D', 0.00, 0.00, 0.00, 0.00),
	('504010402', '7010402', 'Jamsostek - Iuran Dari Karyawan', '5040104', 5, 'D', 'D', 0.00, 0.00, 0.00, 0.00),
	('5040105', '70105', 'Recruitment Karyawan', '50401', 4, 'D', 'D', 0.00, 0.00, 0.00, 0.00),
	('5040106', '70106', 'Trainning & Seminar', '50401', 4, 'D', 'D', 0.00, 0.00, 0.00, 0.00),
	('5040107', '70107', 'Imbalan Kerja', '50401', 4, 'D', 'D', 0.00, 0.00, 0.00, 0.00),
	('50402', '702', 'Biaya Konsultan', '504', 3, 'G', 'D', 0.00, 0.00, 0.00, 0.00),
	('5040201', '70201', 'Auditor', '50402', 4, 'D', 'D', 0.00, 0.00, 0.00, 0.00),
	('5040202', '70202', 'Tax', '50402', 4, 'D', 'D', 0.00, 0.00, 0.00, 0.00),
	('5040203', '70203', 'Notaris', '50402', 4, 'D', 'D', 0.00, 0.00, 0.00, 0.00),
	('5040204', '70204', 'Law Firm', '50402', 4, 'D', 'D', 0.00, 0.00, 0.00, 0.00),
	('5040205', '70205', 'Business Development', '50402', 4, 'D', 'D', 0.00, 0.00, 0.00, 0.00),
	('5040206', '70206', '"Konsultan Mgt, Finance dan Adviser"', '50402', 4, 'D', 'D', 0.00, 0.00, 0.00, 0.00),
	('5040207', '70207', 'System', '50402', 4, 'D', 'D', 0.00, 0.00, 0.00, 0.00),
	('5040208', '70299', 'Konsultan Lainnya', '50402', 4, 'D', 'D', 0.00, 0.00, 0.00, 0.00),
	('50403', '703', 'Biaya Sewa', '504', 3, 'G', 'D', 0.00, 0.00, 0.00, 0.00),
	('5040301', '70301', 'Biaya Sewa  Rumah / Gedung', '50403', 4, 'D', 'D', 0.00, 0.00, 0.00, 0.00),
	('5040302', '70302', 'Biaya Sewa Tanah', '50403', 4, 'D', 'D', 0.00, 0.00, 0.00, 0.00),
	('5040303', '70303', 'Biaya Sewa Kendaraan Bermotor', '50403', 4, 'D', 'D', 0.00, 0.00, 0.00, 0.00),
	('5040304', '70304', 'Biaya Sewa Peralatan', '50403', 4, 'D', 'D', 0.00, 0.00, 0.00, 0.00),
	('5040305', '70399', 'Biaya Sewa Lainnya', '50403', 4, 'D', 'D', 0.00, 0.00, 0.00, 0.00),
	('50404', '704', 'Biaya Maintenance', '504', 3, 'G', 'D', 0.00, 0.00, 0.00, 0.00),
	('5040401', '70401', 'Biaya Maintenance Gedung', '50404', 4, 'D', 'D', 0.00, 0.00, 0.00, 0.00),
	('5040402', '70402', 'Biaya Maintenance Peralatan', '50404', 4, 'D', 'D', 0.00, 0.00, 0.00, 0.00),
	('5040403', '70403', 'Biaya Maintenance Kendaraan', '50404', 4, 'D', 'D', 0.00, 0.00, 0.00, 0.00),
	('5040404', '70499', 'Biaya Maintenance Lainnya', '50404', 4, 'D', 'D', 0.00, 0.00, 0.00, 0.00),
	('50405', '705', 'Biaya Utilities', '504', 3, 'G', 'D', 0.00, 0.00, 0.00, 0.00),
	('5040501', '70501', 'Listrik', '50405', 4, 'D', 'D', 0.00, 0.00, 0.00, 0.00),
	('5040502', '70502', 'Telephone', '50405', 4, 'D', 'D', 0.00, 0.00, 0.00, 0.00),
	('5040503', '70503', 'Air PAM', '50405', 4, 'D', 'D', 0.00, 0.00, 0.00, 0.00),
	('5040504', '70504', 'Internet', '50405', 4, 'D', 'D', 0.00, 0.00, 0.00, 0.00),
	('5040505', '70505', 'Gas', '50405', 4, 'D', 'D', 0.00, 0.00, 0.00, 0.00),
	('5040506', '70506', 'Solar', '50405', 4, 'D', 'D', 0.00, 0.00, 0.00, 0.00),
	('50406', '706', 'Biaya Perlengkapan', '504', 3, 'D', 'D', 0.00, 0.00, 0.00, 0.00),
	('50407', '707', 'Biaya Perjalanan Dinas', '504', 3, 'D', 'D', 0.00, 0.00, 0.00, 0.00),
	('50408', '708', 'Biaya Transportasi', '504', 3, 'D', 'D', 0.00, 0.00, 0.00, 0.00),
	('50409', '709', 'Biaya Perijinan Operasional', '504', 3, 'D', 'D', 0.00, 0.00, 0.00, 0.00),
	('50410', '710', 'Biaya Asuransi', '504', 3, 'G', 'D', 0.00, 0.00, 0.00, 0.00),
	('5041001', '71001', 'Biaya Asuransi Gedung', '50410', 4, 'D', 'D', 0.00, 0.00, 0.00, 0.00),
	('5041002', '71002', 'Biaya Asuransi Kendaraan Bermotor', '50410', 4, 'D', 'D', 0.00, 0.00, 0.00, 0.00),
	('5041003', '71003', 'Biaya Asuransi Peralatan', '50410', 4, 'D', 'D', 0.00, 0.00, 0.00, 0.00),
	('5041004', '71099', 'Biaya Asuransi Lainnya', '50410', 4, 'D', 'D', 0.00, 0.00, 0.00, 0.00),
	('50411', '711', 'Biaya Keamanan & Kebersihan', '504', 3, 'G', 'D', 0.00, 0.00, 0.00, 0.00),
	('5041101', '71101', 'Biaya Keamanan', '50411', 4, 'D', 'D', 0.00, 0.00, 0.00, 0.00),
	('5041102', '71102', 'Biaya Kebersihan', '50411', 4, 'D', 'D', 0.00, 0.00, 0.00, 0.00),
	('5041103', '71103', 'Biaya Hygiene', '50411', 4, 'D', 'D', 0.00, 0.00, 0.00, 0.00),
	('50412', '712', 'Biaya Percetakan & Photocopy', '504', 3, 'D', 'D', 0.00, 0.00, 0.00, 0.00),
	('50413', '713', 'Biaya ATK', '504', 3, 'D', 'D', 0.00, 0.00, 0.00, 0.00),
	('50414', '714', 'Biaya Pengiriman Dokumen', '504', 3, 'D', 'D', 0.00, 0.00, 0.00, 0.00),
	('50415', '715', 'Biaya Kebutuhan Rumah Tangga', '504', 3, 'D', 'D', 0.00, 0.00, 0.00, 0.00),
	('50416', '716', 'Biaya Retribusi & Iuran', '504', 3, 'D', 'D', 0.00, 0.00, 0.00, 0.00),
	('50417', '717', 'Biaya Pajak-pajak', '504', 3, 'D', 'D', 0.00, 0.00, 0.00, 0.00),
	('50418', '719', 'Biaya Penyusutan & Amortisasi', '504', 3, 'G', 'D', 0.00, 0.00, 0.00, 0.00),
	('5041801', '7191', 'Biaya Penyusutan & Amortisasi Property Investasi', '50418', 4, 'G', 'D', 0.00, 0.00, 0.00, 0.00),
	('5041802', '7192', 'Biaya Penyusutan Aset Tetap', '50418', 4, 'G', 'D', 0.00, 0.00, 0.00, 0.00),
	('504180201', '719202', 'Biaya Penyusutan Bangunan', '5041802', 5, 'D', 'D', 0.00, 0.00, 0.00, 0.00),
	('504180202', '719203', 'Biaya Penyusutan Prasarana', '5041802', 5, 'D', 'D', 0.00, 0.00, 0.00, 0.00),
	('504180203', '719204', 'Biaya Penyusutan Mesin', '5041802', 5, 'D', 'D', 0.00, 0.00, 0.00, 0.00),
	('504180204', '719205', 'Biaya Penyusutan Kendaraan Bermotor', '5041802', 5, 'D', 'D', 0.00, 0.00, 0.00, 0.00),
	('504180205', '719206', 'Biaya Penyusutan Peralatan & Perlengkapan', '5041802', 5, 'D', 'D', 0.00, 0.00, 0.00, 0.00),
	('504180206', '719207', 'Biaya Penyusutan Furniture & Fixture', '5041802', 5, 'D', 'D', 0.00, 0.00, 0.00, 0.00),
	('504180207', '719208', 'Biaya Penyusutan Komputer Hardware', '5041802', 5, 'D', 'D', 0.00, 0.00, 0.00, 0.00),
	('5041803', '7193', 'Biaya Amortisasi Aset Nirwujud', '50418', 4, 'G', 'D', 0.00, 0.00, 0.00, 0.00),
	('504180301', '719301', 'Biaya Amortisasi Hak Paten', '5041803', 5, 'D', 'D', 0.00, 0.00, 0.00, 0.00),
	('504180302', '719302', 'Biaya Amortisasi Hak Atas Tanah', '5041803', 5, 'D', 'D', 0.00, 0.00, 0.00, 0.00),
	('504180303', '719303', 'Biaya Amortisasi Perangkat Lunak Komputer', '5041803', 5, 'D', 'D', 0.00, 0.00, 0.00, 0.00),
	('50419', '799', 'Biaya Lainnya', '504', 3, 'G', 'D', 0.00, 0.00, 0.00, 0.00),
	('5041901', '79901', 'Biaya Sumbangan', '50419', 4, 'D', 'D', 0.00, 0.00, 0.00, 0.00),
	('5041902', '79902', 'Entertainment', '50419', 4, 'D', 'D', 0.00, 0.00, 0.00, 0.00),
	('5041903', '79999', 'Biaya Umum & Adm Lainnya', '50419', 4, 'D', 'D', 0.00, 0.00, 0.00, 0.00),
	('505', '82', 'Biaya Lain-lain', '5', 2, 'G', 'D', 0.00, 0.00, 0.00, 0.00),
	('50501', '8201', 'Biaya Administrasi Bank', '505', 3, 'D', 'D', 0.00, 0.00, 0.00, 0.00),
	('50502', '8202', 'Biaya Bunga Pinjaman', '505', 3, 'D', 'D', 0.00, 0.00, 0.00, 0.00),
	('50503', '8203', 'Biaya Bagi Hasil', '505', 3, 'D', 'D', 0.00, 0.00, 0.00, 0.00),
	('50504', '8204', 'Biaya Pajak Lainnya', '505', 3, 'D', 'D', 0.00, 0.00, 0.00, 0.00),
	('50505', '8205', 'Rugi Penjualan/Penghentian Aset Tetap & Property I', '505', 3, 'D', 'D', 0.00, 0.00, 0.00, 0.00),
	('50506', '8206', 'Rugi Selisih Kurs', '505', 3, 'D', 'D', 0.00, 0.00, 0.00, 0.00),
	('50507', '8298', 'Rugi Pembulatan', '505', 3, 'D', 'D', 0.00, 0.00, 0.00, 0.00),
	('50508', '8299', 'Biaya Lainnya', '505', 3, 'D', 'D', 0.00, 0.00, 0.00, 0.00),
	('6', '9', 'BEBAN (MANFAAT) PAJAK', '0', 1, 'G', 'D', 0.00, 0.00, 0.00, 0.00),
	('601', '91', 'Pajak Penghasilan Badan', '6', 2, 'D', 'D', 0.00, 0.00, 0.00, 0.00),
	('602', '92', 'Pajak Final Developer', '6', 2, 'D', 'D', 0.00, 0.00, 0.00, 0.00),
	('603', '94', 'Beban (Manfaat) Pajak Tangguhan', '6', 2, 'D', 'D', 0.00, 0.00, 0.00, 0.00);
/*!40000 ALTER TABLE `perkiraan` ENABLE KEYS */;


-- Dumping structure for table tatamasa.perkiraan_2
CREATE TABLE IF NOT EXISTS `perkiraan_2` (
  `kode_perk` char(20) NOT NULL default '',
  `kode_alt` char(20) default NULL,
  `nama_perk` char(50) default NULL,
  `kode_induk` char(20) NOT NULL default '',
  `level` tinyint(2) unsigned NOT NULL default '0',
  `type` char(1) NOT NULL default '',
  `dk` char(1) NOT NULL default '',
  `saldo_awal` decimal(17,2) NOT NULL default '0.00',
  `saldo_debet` decimal(15,2) NOT NULL default '0.00',
  `saldo_kredit` decimal(15,2) NOT NULL default '0.00',
  `saldo_akhir` decimal(17,2) NOT NULL default '0.00',
  PRIMARY KEY  (`kode_perk`)
) ENGINE=MyISAM DEFAULT CHARSET=latin1 ROW_FORMAT=FIXED;

-- Dumping data for table tatamasa.perkiraan_2: 10 rows
/*!40000 ALTER TABLE `perkiraan_2` DISABLE KEYS */;
INSERT INTO `perkiraan_2` (`kode_perk`, `kode_alt`, `nama_perk`, `kode_induk`, `level`, `type`, `dk`, `saldo_awal`, `saldo_debet`, `saldo_kredit`, `saldo_akhir`) VALUES
	('1', '1', 'AKTIVA', '0', 1, 'G', 'D', 0.00, 0.00, 0.00, 0.00),
	('2', '2', 'PASIVA', '0', 1, 'G', 'K', 0.00, 0.00, 0.00, 0.00),
	('3', '3', 'MODAL', '0', 1, 'D', 'K', 0.00, 0.00, 0.00, 0.00),
	('4', '4', 'PENDAPATAN', '0', 1, 'D', 'K', 0.00, 0.00, 0.00, 0.00),
	('5', '5', 'BIAYA', '0', 1, 'D', 'D', 0.00, 0.00, 0.00, 0.00),
	('6', '6', 'TAKSIRAN PAJAK PENGHASILAN', '0', 1, 'D', 'D', 0.00, 0.00, 0.00, 0.00),
	('7', '7', ' Rekening Administratif', '0', 1, 'D', 'D', 0.00, 0.00, 0.00, 0.00),
	('8', '8', ' Administratif Kredit', '0', 1, 'D', 'K', 0.00, 0.00, 0.00, 0.00),
	('201', '201', 'Kewajiban', '2', 2, 'D', 'K', 0.00, 0.00, 0.00, 0.00),
	('101', '101', 'Kas', '1', 2, 'D', 'D', 0.00, 0.00, 0.00, 0.00);
/*!40000 ALTER TABLE `perkiraan_2` ENABLE KEYS */;


-- Dumping structure for table tatamasa.sec_level
CREATE TABLE IF NOT EXISTS `sec_level` (
  `level_id` int(5) NOT NULL auto_increment,
  `level_nama` varchar(100) NOT NULL,
  PRIMARY KEY  (`level_id`)
) ENGINE=MyISAM DEFAULT CHARSET=utf8;

-- Dumping data for table tatamasa.sec_level: 3 rows
/*!40000 ALTER TABLE `sec_level` DISABLE KEYS */;
INSERT INTO `sec_level` (`level_id`, `level_nama`) VALUES
	(1, 'Root'),
	(2, 'Administrator'),
	(3, 'Operator');
/*!40000 ALTER TABLE `sec_level` ENABLE KEYS */;


-- Dumping structure for table tatamasa.sec_menu
CREATE TABLE IF NOT EXISTS `sec_menu` (
  `menu_id` int(11) NOT NULL auto_increment,
  `menu_nama` varchar(100) NOT NULL,
  `menu_uri` varchar(100) NOT NULL,
  `menu_allowed` varchar(100) NOT NULL,
  `parent` int(11) default '0',
  PRIMARY KEY  (`menu_id`)
) ENGINE=InnoDB DEFAULT CHARSET=utf8;

-- Dumping data for table tatamasa.sec_menu: ~24 rows (approximately)
/*!40000 ALTER TABLE `sec_menu` DISABLE KEYS */;
INSERT INTO `sec_menu` (`menu_id`, `menu_nama`, `menu_uri`, `menu_allowed`, `parent`) VALUES
	(8, 'Konfigurasi', '#', '+1', 0),
	(9, 'Konf. Group User', 'sec_group_user/home', '+1', 8),
	(12, 'Konf. Menu Group', 'konfigurasi_menu_status_user/home', '+1', 8),
	(40, 'Konf. Menu', 'sec_menu_user/home', '+1', 8),
	(50, 'Konf. User', 'sec_user/home', '+1', 8),
	(51, 'Konf. Aktivasi', 'sec_aktivasi/home', '+1', 8),
	(54, 'Master', '#', '+2+1', 0),
	(55, 'Karyawan', 'master_karyawan/home', '+2+1', 54),
	(56, 'Advance', 'master_advance/home', '+1', 54),
	(57, 'Request', 'master_reqpay/home', '+1', 54),
	(58, 'Approval', '#', '+1', 0),
	(59, 'Advance', 'approval_advance/home', '+1', 58),
	(60, 'Reimbursement', 'master_reimpay/home', '+1', 54),
	(61, 'Settlement Adv', 'master_settle_adv/home', '+1', 54),
	(62, 'Perkiraan', 'master_perkiraan/home', '+1', 54),
	(63, 'Transaksi', '#', '+1', 0),
	(64, 'Jurnal Adv', 'jurnal_adv/home', '+1', 63),
	(65, 'Budget', '#', '+1', 0),
	(66, 'Perkiraan', '', '+1', 65),
	(67, 'Cash Flow', 'budget_cflow/home', '+1', 65),
	(68, 'Inisialisasi', 'budgetc_perk/home', '+1', 66),
	(69, 'Entri', 'budgeti_perk/home', '+1', 66),
	(70, 'Inisialisasi', 'budgetc_cflow/home', '+1', 67),
	(71, 'Entry', 'budgeti_cflow/home', '+1', 67);
/*!40000 ALTER TABLE `sec_menu` ENABLE KEYS */;


-- Dumping structure for table tatamasa.sec_passwd
CREATE TABLE IF NOT EXISTS `sec_passwd` (
  `userid` tinyint(3) unsigned NOT NULL auto_increment,
  `username` char(20) NOT NULL default '0',
  `userfullname` char(40) default '',
  `password` char(40) NOT NULL default '0',
  `status_password` tinyint(2) default '0',
  `tgl_password` date NOT NULL,
  `usergroup` tinyint(1) NOT NULL default '0',
  PRIMARY KEY  (`userid`),
  UNIQUE KEY `USERNAME` (`username`)
) ENGINE=InnoDB DEFAULT CHARSET=latin1;

-- Dumping data for table tatamasa.sec_passwd: ~15 rows (approximately)
/*!40000 ALTER TABLE `sec_passwd` DISABLE KEYS */;
INSERT INTO `sec_passwd` (`userid`, `username`, `userfullname`, `password`, `status_password`, `tgl_password`, `usergroup`) VALUES
	(1, 'SUMIATI', 'sumiati putri', 'eWF5YW4=', 0, '1970-01-01', 2),
	(2, 'YEYET', 'yeyet', 'eWV5ZXQ=', 0, '1970-01-01', 1),
	(3, 'ANGGORO', 'fda', 'eWF5YW4=', 0, '1970-01-01', 1),
	(5, 'INA', 'Indonesia', 'eWF5YW4=', 0, '1970-01-01', 1),
	(6, 'angga', 'Angga Saputra', 'YW5nZ2E=', 0, '1970-01-01', 1),
	(7, 'DIDIK', '', 'eWF5YW4=', 1, '2013-09-03', 2),
	(9, 'MRZ', '', 'eWF5YW4=', 0, '1970-01-01', 1),
	(10, 'ETA', '', 'eWF5YW4=', 0, '1970-01-01', 1),
	(11, 'bendot', '', 'eWF5YW4=', 1, '1970-01-01', 1),
	(12, 'nining', 'Nining Purwanti', 'eWF5YW4=', 0, '1970-01-01', 1),
	(13, 'yayan', 'Yayan Dwi Kusuma', 'eWF5YW4=', 0, '1970-01-01', 1),
	(14, 'sarah', 'Sarah Tri', 'c2FyYWg=', 0, '1970-01-01', 2),
	(15, 'kiki', 'Frizky Dwi', 'a2lraQ==', 0, '1970-01-01', 2),
	(16, 'odjol', 'Ramlan Abdul Majid', 'b2Rqb2w=', 0, '1970-01-01', 1),
	(17, 'riska', 'Riska Aprilia', 'cmlza2E=', 0, '1970-01-01', 1);
/*!40000 ALTER TABLE `sec_passwd` ENABLE KEYS */;


-- Dumping structure for table tatamasa.sec_usergroup
CREATE TABLE IF NOT EXISTS `sec_usergroup` (
  `usergroup_id` int(3) NOT NULL auto_increment,
  `usergroup_desc` char(25) NOT NULL default '',
  PRIMARY KEY  (`usergroup_id`)
) ENGINE=InnoDB DEFAULT CHARSET=latin1;

-- Dumping data for table tatamasa.sec_usergroup: ~5 rows (approximately)
/*!40000 ALTER TABLE `sec_usergroup` DISABLE KEYS */;
INSERT INTO `sec_usergroup` (`usergroup_id`, `usergroup_desc`) VALUES
	(1, 'Admin'),
	(2, 'User'),
	(3, 'Head Department'),
	(4, 'General Manager'),
	(5, 'Keuangan');
/*!40000 ALTER TABLE `sec_usergroup` ENABLE KEYS */;


-- Dumping structure for table tatamasa.type_advance
CREATE TABLE IF NOT EXISTS `type_advance` (
  `id_account` char(3) NOT NULL,
  `nama_account` char(50) NOT NULL,
  `norek_bank` char(50) NOT NULL,
  `kode_perk` char(50) NOT NULL,
  PRIMARY KEY  (`id_account`)
) ENGINE=InnoDB DEFAULT CHARSET=latin1;

-- Dumping data for table tatamasa.type_advance: ~0 rows (approximately)
/*!40000 ALTER TABLE `type_advance` DISABLE KEYS */;
/*!40000 ALTER TABLE `type_advance` ENABLE KEYS */;


-- Dumping structure for table tatamasa.web_sysid
CREATE TABLE IF NOT EXISTS `web_sysid` (
  `id_sysid` int(11) NOT NULL auto_increment,
  `keyname` char(80) NOT NULL default '',
  `value` char(200) NOT NULL default '',
  PRIMARY KEY  (`id_sysid`)
) ENGINE=InnoDB DEFAULT CHARSET=latin1;

-- Dumping data for table tatamasa.web_sysid: ~8 rows (approximately)
/*!40000 ALTER TABLE `web_sysid` DISABLE KEYS */;
INSERT INTO `web_sysid` (`id_sysid`, `keyname`, `value`) VALUES
	(1, 'web_copyright_year', '2015'),
	(2, 'web_copyright_content', 'Mitra Tekno Madani'),
	(3, 'web_copyright_auth', 'ang'),
	(4, 'web_lembaga_nama1', 'PT. Berkah Graha Mandiri'),
	(5, 'web_lembaga_nama2', ''),
	(6, 'web_lembaga_nama3', ''),
	(7, 'web_aplikasi_nama', ''),
	(8, 'web_tanggal_hari_ini', '2015-01-01');
/*!40000 ALTER TABLE `web_sysid` ENABLE KEYS */;
/*!40101 SET SQL_MODE=IFNULL(@OLD_SQL_MODE, '') */;
/*!40014 SET FOREIGN_KEY_CHECKS=IF(@OLD_FOREIGN_KEY_CHECKS IS NULL, 1, @OLD_FOREIGN_KEY_CHECKS) */;
/*!40101 SET CHARACTER_SET_CLIENT=@OLD_CHARACTER_SET_CLIENT */;
